InputID,Al Amal,Al Amiriyyah,Al Sawah,Al-Mostaqbal,Athar an Naby,Badr,Cairo,El Mizalat,El-Mounib,El-Obour,El-Teraa El-,Fateh,Fom El-Khalig,Gesr Al Suez,Giza,Helwan,Imbaba,Maadi,Nasr,Port Said
10th District (6th of October),102626.655955,91966.1667102,93522.98321399999,108686.27744460001,70837.3028394,66080.0250162,112111.5772112,82121.700544,61223.281486800006,83061.45369239998,84804.6752766,89888.4632288,71888.89960739999,107804.83853639998,60013.26203019999,94543.26686880001,69562.0765238,110608.39439619999,89805.6152246,88116.07768460001
10th District (Nasr City),19332.418154,24057.5817038,22051.3436928,3230.88685012,36136.741476999996,40763.9092484,21165.7711152,32384.516784400003,45071.33411,30828.9895266,30190.7863218,15952.34565828,33574.6940124,21000.1949856,45481.918715,55475.5911074,39845.64691540001,19098.79502056,15889.11665422,27344.698604
10th of Ramadan City,116502.94919980002,111272.7258312,109801.986828,100214.8480572,138649.7888252,143004.1722254,109965.90265899998,121088.01353,146723.33212,133547.8474436,118391.75594779999,116181.2146936,133938.9377418,95491.3652528,145784.97368839997,151167.6636298,133660.45279819999,109820.19796460001,116489.49737639999,115079.5936892
10th of Ramadan Station (Asher Men Ramadan),46819.4903144,28153.148465,26694.9486688,26369.379847,57822.4253774,61698.47979600001,46203.1453502,38122.319230400004,64819.6327806,56950.6144658,35386.006140800004,35203.7133576,51758.869047800006,12401.92328384,63246.45233099999,83210.220537,50551.967158800006,44576.939671,35679.45892219999,32010.368867400004
11th District (6th of October),105721.56629460001,94969.4162028,96538.50774480001,111793.150883,73948.15125660002,69189.8698458,115206.10351059999,85091.3821608,64335.746416199996,86139.1613898,87781.92286860001,92986.2287262,74994.63569580001,110812.8518698,63124.557533800005,97314.13966960002,72566.72524419999,113707.67291800001,92905.7092796,91105.138255
11th District (Sheikh Zayed),92580.1915732,74399.701959,76199.7849652,94588.66540639999,60468.2063788,56122.9476834,101882.7431784,64077.09510680001,51161.6265602,74571.1034368,66847.8540518,75491.841986,58692.4063032,90117.2686392,48136.008016,93219.2545868,52564.809358599996,100089.01109279999,75564.2217582,70326.01703300001
11th District Exit (Sheikh Zayed),91107.6720976,72315.470915,74131.7703286,92754.905267,59081.9745086,54804.89332259999,100373.9409622,61972.4372998,49869.7866792,73300.976545,64745.2269738,73669.4242784,57037.8472172,88005.42781339999,46679.900016199994,92575.0009178,50578.035010800006,98557.5712258,73755.30446960001,68230.6821602
15th of May,41741.4728328,78257.9020722,77099.132854,61952.217190400006,55898.0007936,58102.8102342,42830.307552,80427.6739204,61926.037497000005,42676.1526534,79971.9024246,62979.864031,63693.4419132,81759.07197919999,66856.9106296,15842.20191958,77661.22918239998,44079.9699492,62297.949207800004,79201.04215660002
16th District (Sheikh Zayed),93618.40102260001,74402.898001,76240.8035652,95091.2762638,61616.916955199995,57352.482875,102872.9994894,64034.53856980001,52421.6130464,75853.8466856,66809.06173740001,76017.45791960001,59486.3167492,90047.4964346,49200.913216199995,95092.1611236,52793.715033199995,101049.24267,76112.641998,70303.7697548
1st Settlement (New Cairo),28458.9347326,36138.6658824,34014.1201412,12900.4033121,52068.8099918,56750.8158274,24230.780908200002,45911.5286874,61144.5629676,45051.48932280001,43373.7186314,31833.4572004,49684.758553800006,25689.020679400004,61611.402328799995,64942.64331919999,55035.8468732,23226.8108532,31849.244515400005,40070.4262114
1st Settlement Hospital (New Cairo),30642.798785000003,36433.0361074,34318.3552282,14378.50174796,53677.280606199995,58330.7010908,26438.6525654,46385.21447119999,62658.96646719999,47006.1281542,43795.9045366,33029.6684888,51010.6333462,25140.2851782,62982.76885959999,67161.7382722,55884.7228882,25449.089738,33084.9053652,40434.424222
26th of July (Ring Road),50599.0658684,29319.8821968,30907.4067506,49007.3684944,23062.3212094,21506.239016599997,59183.60679119999,19651.88311218,19344.02615062,37052.289410000005,22253.003704799998,30058.0699736,16182.32564804,45164.139697000006,14208.60111172,65201.5559644,6917.76439462,57154.99771919999,30225.550081,25492.2320384
3rd Settlement (New Cairo),15000.08305418,45799.1846826,43864.1021234,20761.8561688,46831.5610912,51519.799326199995,5829.87303738,53183.1804046,56474.3089178,34955.232508,51294.711939,34450.9015068,48259.295074199996,41591.448543,58698.67504559999,46515.5356306,58212.84495780001,6901.52642252,34053.114729,48774.934760000004
6th District (6th of October),102792.682274,95349.4903126,96780.04637519999,110397.87457920001,71706.80156980001,66931.6071982,112239.2556898,85841.9526958,62275.050566,82946.20724460001,88449.9294162,91949.6945478,73808.073625,111089.4313648,61779.6885408,91635.46594319999,73045.89224680001,110864.7779464,91804.799929,91645.00927380001
7th District (6th of October),97341.5019484,85200.595376,86797.6593766,102565.7650862,65290.079976600005,60575.52209219999,106820.91175880001,75264.5763072,55642.7110638,78027.8472262,77966.2293222,83650.6370558,65782.8417268,101050.8638868,54054.0682526,91436.9520756,62809.1360654,105246.92845660001,83596.4026046,81309.03059
7th District (Nasr City),20613.180278599997,18251.30797656,16809.2864544,14377.34563402,25705.555233000003,30166.682081,26630.1159932,23890.232422,34246.0656532,23598.5407132,22256.3274232,5117.17081152,22436.2829322,23243.739416599998,34391.0209394,52164.888353199996,29328.245727999998,24424.809494999998,4883.03062532,20247.4457476
8th District (6th of October),98994.3184276,87591.9785,89166.19745539999,104618.4013962,67052.557539,62314.713741199994,108478.8414684,77708.94678839999,57414.8267212,79557.6547032,80399.641355,85758.75279279999,67819.0650084,103436.8916786,56010.7531084,92135.9557984,65190.3400602,106937.1493202,85689.9771294,83724.1662876
8th District (Nasr City),22391.6332378,22527.2661788,20451.734395599997,3633.8876568000005,37791.376002,42329.2188314,23867.476238,31453.265949,46472.4284116,33368.03899379999,29109.5595786,16530.3810919,34557.8764172,18080.42906278,46562.040151199995,58498.787972000006,39780.152874,21855.798018200003,16594.11892674,26070.825655599998
AUC,34153.0363306,56877.858613,54763.966024,31068.5458652,65124.80548639999,69883.6556088,25119.6270278,65987.63882020001,74748.9649988,54077.871650199995,63651.5245998,49222.4389784,65310.7361694,47491.5676876,76463.9625338,63728.0879286,73416.1048838,26064.468824,49009.233609400006,60567.8489934
Abageyah,28322.269905799996,22342.5932938,22373.0019946,29745.8276434,11500.65255456,15338.04670394,36964.341414999995,20553.2399816,18967.01152748,17920.6751663,20787.089577400002,11612.33595246,7200.79749782,34576.005742400004,18967.02249526,48708.387431,18365.57591488,34973.6693856,11331.64837646,21276.559207799997
Abbasseya,32655.365378,9073.03555992,9103.09006542,24759.3619488,24566.9949068,27779.4215602,39223.4026968,11310.47908132,30399.547661799996,29482.5756306,9954.05356886,8039.42974144,17311.81945678,22321.460379,28639.314338800003,60155.7467128,18346.90286896,37022.0518098,8627.5884725,8869.11591488
Abboud,43525.297463,8842.3276448,10852.12010338,33830.7977492,30665.513957,32564.278105799996,49907.1456184,1723.517811822,33678.934807800004,38810.6563958,1225.864764998,18908.92881358,21811.717022599998,24362.6745074,30339.0249576,69685.4772612,14607.78892512,47698.50716080001,19498.42138556,4694.58366902
Abd Al Moneim Riad,37432.578225599995,20081.4912426,21003.4491554,35655.1243402,15753.93422422,17277.107167200003,45741.5251118,14111.48990436,18609.44511154,26608.0047276,15458.11215292,16570.78651098,6670.37681376,35012.8215812,16006.7426293,56884.9677832,8969.27528212,43674.8728776,16678.88712994,17397.29128852
Abdullah El Refaey,48185.7062364,19301.64109612,18506.72418522,29073.120571599997,51961.1466298,55267.0019134,49892.7361934,28114.919794200003,57701.1319918,54061.7284484,25539.577684599997,30646.9033288,44687.043351199995,8120.84989456,55368.280716199995,82749.56666819999,40968.0017646,47953.028174,31260.380796200003,22510.702018599997
Abou Al Houl,51963.8827804,47369.9544156,48322.1113004,58884.2392676,20121.115042200003,15347.56889826,61445.5993324,39841.277621,10631.3316313,32782.6830454,41899.338874,40906.69805480001,22940.1509616,62210.904723800006,11314.49258272,52109.9611384,27669.852993,59893.2577892,40679.5791644,44401.792894599996
Abou Al Reesh,34248.9165266,23821.8909374,24384.130687,35373.041566,10475.1722542,12584.55248256,43019.2594206,19203.73760642,14891.32835586,21617.3962664,20245.599882,16571.45072626,1802.1510347279998,37782.30164,13665.03263098,51613.659177999994,13459.6524557,41048.88957019999,16456.52823696,21717.404542400003
Abou El Numrus,32550.349306200005,40385.611464199996,40461.4458154,43170.790452999994,7384.07053978,7871.2093193,42000.373234599996,37040.18837819999,11835.30007456,12807.16730272,37921.180623,28457.182388200003,16474.38331118,52234.382710000005,16585.78569366,35993.5974054,29603.059510000003,40630.247671599995,27961.846291400005,38983.790757
Abou Rawwash,65315.746413,47145.7106374,48804.834190199996,66412.93418940001,33944.666451599995,30191.117631200003,74435.4153856,37130.730981199995,25632.252058000002,48598.338874400004,39840.8508916,47315.683333199995,30808.4825478,62994.783039999995,21440.965679400004,72024.6894794,24841.379907799997,72553.73351919999,47390.3100654,43207.531616199994
Abou Wafya,41791.205903400005,8988.88365796,10802.88605346,32871.1925064,28607.850873400002,30600.2625236,48376.81285280001,2144.27215724,31857.6015328,36707.3470036,2113.58787972,17196.75348118,19808.01104412,24809.637712400003,28677.82732,67581.5546182,13583.4105148,46172.3546268,17761.03329558,5028.85336214
Abou Zaabal,71227.68137260001,39144.3840964,39199.7546438,51662.0135868,72530.02909720001,75177.0159462,72388.9466166,44621.1562774,76744.06460780001,76484.7230262,42782.583267199996,52862.3035256,64320.66788119999,31163.451059799998,73474.4336732,105722.329689,56936.250714,70546.4582358,53516.4335518,40884.3935202
Ahmed Helmy,37266.6979358,15360.66036834,16365.82700662,32939.661928400004,19768.27842974,21781.583439200003,44995.858486000005,9941.93552872,23344.1909766,28950.575850200003,10913.7835968,14299.2892819,10954.5990743,30507.774006,20706.0246682,59678.216961,9939.1203044,42857.7408182,14586.80167694,12660.65787474
Ahmed Maher Hospital,32817.814663599995,19913.80014202,20381.238665,31985.5859398,13732.65990788,16446.71635764,41184.6950994,16326.56058954,18973.25267978,22637.492745800002,16976.82809546,12949.29582682,5881.6662978,33695.9892748,17607.93500546,53268.8234302,13574.2999664,39133.4166024,12927.02070014,18079.14007854
Ahram Canadian University,110474.4305154,101797.815831,103299.01234660001,117630.0638688,79178.83855580002,74401.32972739999,119934.3573368,92086.7003594,69675.4607082,90672.3000912,94741.7881702,99030.2633832,80922.8700186,117604.06107639999,68931.214488,99515.17633999999,79412.51052639999,118530.92592200001,98910.35670339999,98007.588705
Ain Shams Metro,42400.799343800005,8304.98805546,7763.89391628,26145.128956599998,41432.856685800005,44528.116763599995,46041.486984400006,17458.21591976,46789.630861800004,44981.0435972,14775.08321324,21372.0852178,33839.4538938,9277.56940676,44363.710040800004,74759.2890432,30154.917585799998,43917.088914,22040.7226396,11577.31415878
Akhnaton Square,11750.08290954,36659.091777199996,34734.456161400005,12235.40553914,40286.1731282,45057.0362186,8663.99915568,44106.5384424,49886.2079562,30282.707724,42178.060739199995,25610.9456846,40539.5160564,33303.343840400004,51563.9317214,48055.6741044,49638.6135992,6952.83115794,25260.8586918,39631.1504126
Al Bohi (Imbaba),46937.6645364,18899.0220214,20684.6652746,41334.938976800004,26061.6917512,26509.655854599998,54585.003612199995,8776.04546938,26270.2261804,37536.309558999994,11478.972098200002,23521.040961000002,17091.70639954,34700.29561,22024.3006388,67769.0493766,4727.37410418,52432.44067719999,23898.471949000002,14877.8428667
Al Hamd Square,12720.87135386,39325.5140102,37382.4820766,14425.7128105,42576.2441664,47335.041822,7274.23245316,46860.5503964,52202.965275,32023.8689232,44917.5467026,28371.862802599997,43112.13032619999,35418.3625294,54014.66691159999,48055.623188800004,52375.134653199995,6154.75921642,28017.193737999998,42344.1629636
Al Hegaz (Obour Police Station),70693.62144199999,51492.88188,50464.842400199996,50434.855955800005,82930.54743280001,86642.7286748,68352.38628400001,60352.232516799995,89484.36671819999,82230.99535720001,57824.264205199994,60456.148207000006,76394.0119466,36895.3646266,87472.4270138,107528.9194256,73243.00935339999,67086.6503716,60954.0321462,54819.7809654
Al Juman,88963.8199394,71857.00325,73607.7627044,91457.5030404,56788.23973559999,52388.1826996,98300.3553884,61611.85911799999,47410.6297394,70787.4298414,64371.713691,72354.84210519999,55314.524721,87643.4203232,44537.7225644,89184.49903919999,49799.410335,96531.6171984,72403.7461532,67822.1604972
Al Magzar (Mariouteya),48217.25367119999,44516.6425918,45368.839942,55226.139588,16354.51897034,11579.02620736,57696.596672800006,37466.5984366,6940.21856798,29138.1950504,39384.4279818,37415.011705000004,19619.32921802,59100.27765599999,8612.30773186,49661.5791228,25767.6048784,56134.50280440001,37164.76203,41720.3170646
Al Malek Al Saleh,33674.0766756,27062.241957200004,27522.395978400004,36779.5479816,7081.201290800001,9294.47106282,42731.789120999994,22629.324244599997,12152.38870184,19319.34272384,23676.4033012,18513.48902738,2075.53116852,40641.2924864,11950.97667948,48733.3729936,16012.2070666,40849.95971619999,18288.81277572,25090.6397118
Al Mostafa Mosque,19378.19385118,44131.018071599996,42091.3859454,18087.95873384,49721.21484080001,54483.22569680001,11491.12914622,52401.451542,59341.681325,39044.379476999995,50278.249365400006,34584.9728684,50037.781612800005,37868.9747326,61081.20739480001,52791.568873000004,58767.943009200004,11648.93799402,34298.5014246,47466.931295999995
Al Mostaqbal Entrance,101979.3840262,94462.06129039999,95893.0781102,109534.16410019998,70862.0075702,66086.257085,111428.78301260002,84954.5381898,61422.383736,82141.4885608,87562.3348602,91076.9439632,72936.2911366,110202.53176619999,60909.125421000004,91003.39915439999,72158.2238492,110048.76878120001,90933.2655106,90757.3434492
Al Motamayez,88536.8856452,77234.6887634,78767.0426026,93968.3885518,56500.61756880001,51780.0140018,98016.65805739998,67473.8873934,46854.7534098,69234.1863768,70135.8732268,75120.17022300001,57168.5744152,93060.70250239999,45365.072325,83319.5078062,54835.3630202,96445.5552846,75047.38720160001,73417.158329
Al Muluk,102022.62655660001,93534.52459560001,95004.52262619999,109118.60801180001,70665.0154048,65887.67280419999,111489.0454546,83918.1235432,61155.7129834,82253.3941704,86550.6916838,90543.7465404,72426.9173228,109314.6070112,60426.8375936,91958.7937606,71179.09230419999,110069.74936400002,90418.5704612,89783.2388572
Al Saaa Square,26192.4771324,13649.97989522,11739.1065279,13017.86440292,31605.214724,35764.527730400005,30497.535106,21912.4632258,39388.7911564,30887.6411738,19656.94869934,8889.64609606,26735.2985292,15921.37439414,38733.232784,59333.762022,30380.230690400003,28313.1974876,9271.99246016,16798.91733576
Al Sawah Square,40097.500809599995,2354.7601715,4433.96274008,28213.8661648,32663.5403592,35335.043574,45617.0248788,8099.0705531,37229.9593676,38419.535467199996,5329.05216922,16040.197368000001,24502.62111,18026.7005659,34553.2552708,69057.24554680001,20329.157558400002,43409.7464392,16713.13888978,1817.079061186
Al Sayeda Aisha,29677.570612199997,22691.9183036,22853.268479,31116.3452806,10827.8429459,14383.99464106,38370.9100546,20211.6334312,17801.44552758,18560.18499712,20637.298272599997,12783.29808742,5762.1368771,35387.986372199994,17603.60608486,49213.81729680001,17215.36279092,36389.2402602,12546.3269017,21365.791030400003
Al Sayeda Nafeesa,30273.7627092,24309.585280400002,24523.9276904,32606.182350599996,9146.26501376,12635.64429508,39136.6067558,21367.495098599997,16104.38751142,17949.31191336,21953.2422776,14464.93979176,4630.07870806,37132.612864999996,16118.46873622,48363.3602198,17310.22576612,37197.1700806,14203.29741232,22846.328662599997
Al Sayeda Zeinab,33641.2747364,22319.851650599998,22849.068053400002,34052.6190658,11655.97222176,14045.9589206,42271.614363,18052.5944757,16454.08246922,21915.452220400002,18961.1259473,15152.2592281,3362.02700028,36217.265277800005,15168.59750492,52208.117919,13365.34912414,40269.3842742,15067.13743336,20307.494637
Al Shabab Entrance,9916.62742948,41495.3747728,39637.5961024,17747.94307958,41390.856271599994,46092.2228302,3179.1861185,48390.5910744,51036.9932526,29814.8436764,46617.3073556,29410.5271236,42801.4307494,38812.9406104,53224.1891908,44049.136449,52947.1685448,2140.08987668,28976.330570200003,44255.2154688
Al Shari Al Gadeed (Bahtim),47761.0338602,8994.0205718,10808.08915648,34646.2585126,38772.0303192,40869.0593148,52976.7359638,9811.884893999999,42058.135536199996,45781.624053800006,8194.1090455,23786.4404128,30061.9647398,20070.8678072,38666.7930516,76547.5694618,22380.754987599998,50778.7266884,24457.162893599998,7568.2535157
Al Sheikh Mansour,45626.915506800004,13322.12053914,12770.76410868,27935.218532599996,46432.0925384,49561.011419,48452.6149404,21950.9621442,51821.33065919999,49538.635177,19371.18061612,25921.324987,38877.1635386,7861.61488268,49347.785081199996,78957.0598162,34799.531830800006,46396.2752188,26572.3039928,16368.73305914
Al Shorouq,75039.7329524,80489.89586719999,78580.90049839999,62258.820469599996,101527.848444,106200.178037,67371.19816880001,90908.7080114,110538.36900639998,93741.27478739999,88144.1580222,80604.62427300001,98721.948696,65308.88441880001,110740.66168399999,107674.6885892,102066.7703322,67618.245111,80727.153613,84629.744391
Al Shorouq Academy (Dorra),63062.27401980001,69090.97075519999,67131.3702814,50112.50308459999,89360.91042360001,94039.5966168,55636.3679976,79498.817018,98398.0953232,81610.5500522,76750.10963739999,68568.99777619999,86659.6520894,54271.580823000004,98665.48359239999,96367.3984242,90371.1929002,55773.75651,68674.9563398,73239.33082280001
Al Shorouq Water Station,72964.47648320001,74178.8432794,72362.79783260002,58187.244334,97423.49266460001,101997.9810844,66090.65640519999,84554.971164,106128.7413398,90796.15655680001,81780.21490639998,75764.7316132,93901.4267154,58626.57864759999,105935.66765060001,107210.1622638,96172.6905796,66032.1189782,75955.9323378,78279.9087242
Al Souq Al Qadeem,103336.0199698,95915.32113519999,97346.63348260001,110962.0188544,72264.02921060001,67489.07881,112781.2415898,86404.7707772,62835.383755400006,83485.6386482,89013.552901,92516.45281900001,74374.60486739999,111656.09599360001,62345.9180316,92084.3442882,73610.25839460001,111409.3382592,92371.2562346,92209.7141234
Al Toub Al Ramly,17260.80837372,22636.363647,20831.3917852,8229.23891542,31084.1570172,35726.2660128,21365.0005812,29764.1750014,40077.1117968,26116.7490932,27843.598180599998,11787.40425156,28810.862610400003,23098.1558032,40629.887216,52066.3092944,35992.662177,19167.62467164,11586.48915734,25377.476918
Al Warraq,49849.928119,17960.5028569,19972.83903884,42371.929077999994,30743.642961,31301.1162434,57046.0866032,7652.161101199999,31034.2194296,41733.7650558,10325.809668200001,25703.2526704,21706.6397164,33253.99711320001,26689.986127,72192.01469119999,9305.07220106,54861.5601658,26173.3850058,13815.55248742
Al Wehda (Imbaba),45922.1057542,18046.29804868,19794.32025828,40279.218689999994,25525.4064472,26149.588474599997,53539.173399,8085.36036746,26106.980204599997,36748.545287199995,10728.36353068,22457.654850799998,16496.5404175,33875.3860252,22003.026728599998,67073.5850534,4976.57480706,51384.6638576,22837.5467762,14070.25787114
Al Zawya Al Hamra,40189.4966382,7019.08864238,8720.78921884,30741.4534612,28783.7119478,31086.908580199997,46560.47115980001,4185.77765816,32662.6478282,36036.803594,2419.99509056,15575.88474256,20230.8528054,22870.5781204,29759.712462199997,66891.9488386,15389.34392402,44352.2812484,16173.18671436,3416.4321157
Alf Maskan,38231.414832999995,10724.05517736,9111.05207844,20868.9269762,41303.41856680001,44847.2284102,41168.451089,21037.742136599998,47634.19204719999,42976.912140199995,18263.07790828,19579.2377081,34542.5583636,5208.92164164,45782.790637,71908.77986919999,33079.5779528,39089.9156546,20184.6020668,14772.96151376
Alf Masnaa,23123.150164,53478.650126,51477.9967294,27670.072716799998,55258.171405400004,59911.2490594,13637.83561526,61314.811001400005,64885.2685118,42898.1702052,59320.9178224,42846.745618,56868.032973,47643.14718380001,67227.6726776,50514.7084692,66744.8647094,15241.797062200001,42476.7971024,56655.6575712
Amiriya,39461.8122704,954.947684194,3077.00788132,27043.3923334,33267.715608,36082.084607599994,44758.829668,9519.5339626,38122.802521,38493.7924576,6751.618190000001,15716.75027728,25289.2442748,16650.84832892,35578.349877,69014.2517384,21646.9139732,42555.6121126,16399.53177416,3237.54421766
Amr Ibn El Aas,33366.0556282,28669.3485782,29076.140898400005,37457.7205982,5355.69701738,7745.50548552,42542.474122800006,24366.5367238,11032.54863816,18173.69189288,25400.3138058,19539.12045774,3751.45388874,42038.4918984,11529.47230224,47224.107404400005,17498.03433354,40710.4031874,19266.2414286,26772.743055400002
Arab Maadi,23753.895016,35590.6288824,35245.477203400005,34588.280769599995,9533.63183452,13559.71891712,33237.0911078,34521.265328199996,18525.1175655,5211.56347386,34756.4560284,21817.346215999998,16265.68696366,45592.107206199995,22024.001636599998,34906.7740864,30231.1037358,31776.774612999998,21220.473394599998,35038.415529000005
Arab Tuweila,44601.720807,9430.99937034,9315.1982883,28289.791405199998,42839.2892118,45784.4570462,48248.3160352,17610.553396799998,47862.4941078,46859.8660296,15048.55812468,23297.316276400004,35017.57921619999,10475.64823726,45237.0423288,76777.781822,30472.859854000002,46126.1808936,23972.9962838,12131.40690106
Arabella,12322.38074618,43457.1043186,41557.634698,18974.741394599998,43986.276781,48682.7220634,3808.8325889,50611.5175522,53631.34199180001,32273.9522686,48777.010783800004,31756.345668,45388.7671036,39992.7205698,55829.885719800004,45230.372960400004,55422.66588480001,4227.20611328,31342.0253824,46331.2362286
Ard El Lewaa,46776.1288772,26749.886899200003,28193.245249199997,45393.5302562,19963.69687338,18980.97456476,55346.5143398,17694.44375942,17586.72188338,33590.7032894,20103.7442232,26375.6321598,12526.268811,42503.1819958,12834.32966582,62269.8112918,4932.28612082,53317.7925714,26518.530506,23126.4226992
Asmarrat,8552.40137616,31642.2474002,30308.8831008,18968.25999114,24847.7793988,29584.113944800003,17280.77685674,35780.9743606,34493.8487768,15067.84100258,34651.052393599995,16743.78061632,26482.7791988,35509.6688964,36622.2654878,39445.3344758,37770.299223400005,15413.47717712,16109.45242606,33182.0015538
Athar Al Naby,31771.9018578,33149.0154834,33354.4641118,38818.1480802,508.727653946,5286.26719664,41191.1652874,29524.335717,10149.19169096,14349.7310526,30422.7712388,22302.5429558,9040.51516102,45687.7367282,12958.63564352,42194.454575,22619.685836400004,39528.329353199995,21898.263811,31570.2977328
Attaba,34511.69760880001,17288.23908322,17948.97745304,31821.0299886,16721.6888519,19151.62111138,42536.9015672,13235.44307628,21253.7930914,25526.248948599998,13914.05075856,12763.78679892,8327.3343983,31662.0126298,19273.81255288,56249.882807,11927.7070081,40433.951638,12905.97519264,15171.93091102
Awsim,66666.2266826,36089.6404052,38170.312997400004,60780.2460382,41558.3398024,40027.7637104,74500.8544718,26049.0645678,37447.233561400004,55164.65541259999,28614.247644200004,43454.307628400005,33973.8039704,50583.115067800005,32186.1504116,83762.5283496,20516.719739400003,72357.0169296,43842.1257692,32008.734513599997
Awwel Abbas,25968.096661400003,13558.48307942,11704.5398993,13414.395670799999,30876.704357,35033.9600506,30487.807329000003,21557.960829599997,38661.059309599994,30266.953893,19354.79294084,8159.28544546,26018.3831066,16529.17645762,38020.8102964,58843.528424000004,29810.80892,28295.6290554,8544.36387464,16576.06259276
Awwel Al Banhawi,33605.5050688,14785.68477872,15325.27997114,29554.701852599996,18812.35156818,21569.068620599995,41275.7027484,12066.5096699,23888.819448599996,26302.396571,12244.86040708,10688.74191058,10857.90773252,28933.509815200003,22013.844008400003,57162.5257978,13538.21693016,39135.8871732,10934.768210600001,13017.4032769
Awwel Al Eshreen (Zenin),45381.325032,31606.761056400002,32770.1064614,47035.747953,15359.37412888,13185.68406458,54418.931740600005,23571.5279044,10944.48542846,29899.3359808,25707.2590948,28016.369083599995,10754.9683177,46961.8404594,5997.98774442,57024.851640999994,11527.36616976,52516.9691296,27991.228937800002,28375.8297024
Awwel El Zawya,37957.4580458,5386.15117312,6677.01888966,28105.3764852,28619.875938999998,31282.665809,44123.7470292,6821.51060342,33239.0014448,34829.690219,4732.28205058,13412.88697776,20457.476626800002,20986.339842200003,30696.603455799996,65596.60960160001,17350.97332322,41913.5807996,14042.3683681,3400.76291392
Awwel Faisal,40694.5539814,31866.957570599996,32707.9882186,44166.380091800005,9840.77284514,7867.05187688,49900.987852599996,25280.0652078,7068.59915364,24471.3999786,26997.537881800003,25580.1056304,7432.94137262,46497.089910400005,4607.87606148,51569.278131,14945.73866706,48074.9041058,25428.5431834,29163.4863122
Awwel Makram Ebeid,25533.8245528,14712.15924524,12762.50029048,11832.68099264,32258.904652200003,36483.801190599996,29570.079745599996,23094.959444599997,40190.18567019999,31018.0647884,20825.7585072,9627.3016489,27626.222959599996,15919.2563349,39643.9602462,59119.715639999995,31531.752956800003,27395.389926999997,9949.66436024,17936.56109276
Azhari Institute,83321.3627148,65949.3462406,67687.61232819999,85525.95271119999,51228.0152006,46912.834603400006,92621.65619960001,55730.7818844,41965.8708188,65391.9929872,58485.813913,66423.03315219999,49473.970447199994,81750.34833580001,38877.367424000004,84850.72756,43853.5103298,90828.50560060001,66477.67845319999,61926.51808380001
Bab Al Shaaria Square,33778.2226704,15551.77361164,16122.04589032,30172.406875,18125.375187,20808.462305,41563.7107388,12433.570260200002,23084.501752,25969.5570932,12764.58847526,11220.15837976,10068.463483,29749.857582,21198.2812772,56805.735947,13084.15674172,39434.789653800006,11428.90354096,13683.827787
Badr,90066.514719,98399.266886,96463.37023500001,79117.973125,118122.9942194,122849.3387046,81715.8848534,108816.37131660001,127327.1169352,109395.324991,106058.8025974,97817.62150319999,115843.032678,83334.78555639999,127810.27255139999,120427.6376326,119777.987452,82278.54153660001,97897.14196519999,102544.8986916
Badr (Sheikh Zayed),95184.98650419999,75761.0142416,77610.0727796,96576.5179746,63192.570358000004,58931.7237248,104434.7525152,65381.31048480001,54001.7539628,77434.13015160001,68156.12173659999,77509.6052546,61027.099149199996,91379.08308899999,50772.0210656,96621.6960776,54222.702749000004,102607.9031566,77609.3617188,71655.0178826
Badrasheen,38959.570757,66482.8893718,65906.6111444,58253.084632000006,37262.973694199994,38011.1174074,45096.19210880001,65709.050223,40832.9076926,28212.4662764,66008.0631064,51786.807101599996,46163.77835880001,74404.053432,46060.6239372,8743.70412572,59809.028739400004,45191.6500534,51120.0946268,66221.3681272
Badrasheen Ferry,37156.5549464,66192.912332,65523.043241199994,56797.6252944,38018.8830502,39125.1082204,42877.546893,65900.60609380002,42227.5049742,27920.470189599997,66071.476272,51295.6307258,46761.096522800006,73518.7670368,47406.1130452,5911.74385492,60558.55977280001,43081.1466602,50620.037087,66122.322497
Bahtim Square,48426.6089938,9631.79210576,11187.3570982,34528.880950800005,40592.373563199995,42788.155914999996,53319.3799166,11873.7015985,44060.8488956,47205.868697000005,10121.57054974,24803.1143244,31958.532734599994,18838.44416944,40720.430329,77893.19554380002,24476.838271,51132.619332999995,25483.4142208,9029.77644718
Barageel,54096.6052344,30240.6358524,31995.0176958,51455.992069,27081.9636732,25482.8242926,62523.8700444,20069.7958712,23120.255027400002,41005.254483599994,22806.1721096,32752.310623799996,20009.743393599998,46048.398822400006,17907.75721416,69216.2419638,8619.9706006,60463.4231094,32981.7132686,26225.125884200002
Barageel (Ring Road),51323.001176800004,27873.848114200002,29564.5977694,48656.652624400005,24936.5698198,23707.9133366,59710.191416199996,17894.2063807,21803.731537,38589.9624864,20578.964945599997,29918.1325454,17470.79877086,43718.6579358,16731.38277806,67210.8568694,5856.53613054,57644.5739694,30143.4453486,23928.4457748
Basateen,23413.740198800002,31413.4095652,31083.015275,31772.762103400004,8861.80777798,13550.63343576,32822.513567199996,30519.3825402,18497.74748158,8109.99348176,30666.9307658,17815.36091872,13311.65827256,41660.3222764,21107.8705004,38749.92625719999,27031.865271,31161.187710799997,17241.53748586,30880.684632599998
Basateen (Ring Road),21511.345686,29863.007502200002,29400.349500599998,29257.9900014,11028.44132042,15785.86569118,30831.702190599997,29728.5758782,20668.042556599998,8665.89763118,29659.894248400004,15767.10586126,14079.05139506,39522.40175980001,22939.112651,39538.9825798,27340.762267000002,29102.018429000003,15162.32302542,29612.7422408
Bashayer,102895.7159614,91816.9256298,93390.5665898,108755.4843388,71040.49457339999,66290.68259299999,112381.19902860001,81930.8136698,61414.57258759999,83376.703826,84622.7054884,89921.2856372,71954.7622286,107661.7716586,60113.342006800005,95174.3989246,69415.2353892,110862.66229460001,89846.7421368,87948.5505802
Bashtil,50302.5368704,24250.25498,26028.910885,46139.4721384,26172.554513799998,25643.338164599998,58354.4452498,14065.51099386,24408.403399000003,39023.9114894,16799.22397742,27812.516117000003,17866.23850896,40045.5898316,19597.80222044,68455.5153786,4044.6546754,56241.351185800006,28114.544526200003,20221.5392542
Bashtil El Balad,52013.309358800005,25291.9965344,27129.252701200003,47641.1828446,27692.4777412,26996.884716400004,60042.9552686,14971.6907545,25539.9142012,40680.380958,17737.48450874,29423.6287674,19500.99575728,41013.0272642,20609.6749012,70002.303266,5760.14397934,57926.196862,29738.0946964,21210.258348
Basrawy (Imbaba),47205.4823874,20509.863369,22243.525903,42358.8513852,25094.4012916,25274.382390400002,55045.15613119999,10522.28126842,24799.8790242,37049.4714524,13188.51889854,24218.2226306,16269.77019846,36342.811215400005,20427.09171,67049.92302540001,3043.74677212,52910.2829558,24554.294319,16539.08689216
Basus Ring Road,57442.0213232,20948.330803,23054.291651599997,47053.9247284,40655.304606599995,41224.7545062,63842.8284202,13576.76049624,40781.652128199996,51153.0571572,14994.375843599999,32834.0148136,31589.707625400002,33528.715752,36237.462638599995,81816.98773919999,18983.83501322,61632.949159,33408.221575,17495.32901654
Bohooth,42609.019554,28107.990051599998,29207.6842868,43467.2531262,14236.01838496,13238.2952041,51495.8253652,20513.317262200002,12380.01843208,28202.8940292,22491.911407,24408.9857896,7780.45144636,43352.5472844,8349.7579621,56502.59507159999,9445.16567582,49547.359543800005,24405.738768,25004.7009374
Bonook,16020.84272946,37620.811536199995,35603.62204719999,11809.96674164,44117.877044,48895.29704119999,11256.4245362,45765.52600980001,53665.9708868,34539.203315599996,43661.989094,27995.4380318,43848.2942674,32372.951503400003,55124.14675580001,51945.055434400005,52200.3288042,10138.50890756,27728.209525,40888.4032986
Bulaq Al Dakrur,44286.3315836,27963.299591400002,29187.0258972,44469.5401348,16228.46881768,15101.2890279,53091.354288,19810.13166062,13870.98092776,30166.3025728,21954.848727,25369.0099604,9520.37197112,43431.3793888,9402.54128166,58481.5668464,7996.74225042,51118.728172,25413.6985534,24662.3335972
Bus Stop 43 (Matareya),41614.58969080001,7091.74302896,6536.4707395,25775.6247482,40203.45129519999,43294.7964454,45458.81504740001,16442.82727026,45563.10042180001,43853.26585,13731.35590772,20263.007501,32608.0772792,9935.77763512,43157.28027240001,73711.91338060002,29067.1933636,43320.1821326,20935.6065764,10467.5666669
CIC,87780.84453160001,69429.2498046,71219.4285252,89585.58014600001,55742.65539419999,51462.3995802,97054.7997196,59122.700983200004,46527.4288134,69958.83704360001,61891.4039914,70491.13197460001,53762.97916619999,85165.196457,43347.939033999995,89396.5817026,47556.002334,95243.8133608,70567.3465886,65363.63263180001
Cairo Airport,37726.555214,23322.0411004,21461.0900438,17327.340552200003,49905.600622800004,54007.2015012,37586.6090028,33735.387269599996,57458.9745546,48076.40302219999,30966.7541324,27175.189755400002,44559.6942308,8675.76883244,56371.26529380001,74053.62691939999,45292.7323344,35856.561548000005,27577.292323,27453.482739
Cairo University,39366.6147308,27598.871060400004,28478.6910934,41053.0525458,11158.55677352,10907.60687234,48326.9049108,21075.0476756,11251.99318662,24868.2818528,22730.7541334,22153.121987000002,4593.1543034,42361.638641000005,8562.91800784,53482.954453800005,11613.65037358,46404.244913999995,22076.838262,24870.4449692
Cairo University Applied Arts,40001.66072280001,27585.794982599997,28513.082949400003,41473.7914046,11809.51465398,11404.70014658,48940.7547078,20835.0218152,11492.23180304,25559.484532799997,22557.412128,22525.337893,5192.89642186,42462.0622844,8494.57753904,54132.88533180001,11063.10758708,47010.68475380001,22466.771381,24775.9988612
Cairo University Ferry,38021.9451436,25959.8042736,26783.9346406,39260.307585400005,11180.74164508,11692.2181306,46891.350899000005,19829.88071586,12659.40105702,24222.4465632,21347.6505432,20329.9600792,3228.14295814,40600.3021322,10341.45353046,53378.1314254,11379.44999286,44942.6915528,20262.684353599998,23348.5403528
Cairo University Metro,41189.650641199994,29364.820884599994,30321.236766799997,43193.132678400005,11848.2975653,10694.70457034,50221.7725566,22369.068583400003,10096.168345200002,26071.789270400004,24182.552416,24294.8995578,6607.61106836,44296.824357599995,6702.28754104,54036.059429400004,11891.90678698,48321.6456682,24219.9370656,26487.9495092
Daewoo,109203.03527739999,102141.89109360002,103575.50323999999,117101.2269046,78311.46688280001,73540.737945,118629.83388860001,92616.2454368,68925.4964072,89310.8690638,95229.6116018,98699.616989,80554.4161476,117885.12483280001,68521.3341374,96873.9212684,79830.43786860001,117289.8365328,98548.9224006,98431.4068132
Dandy Mall,80537.15647999999,60327.4601786,62153.794750400004,81144.9047994,48985.3625752,45020.3792576,89661.3225356,49976.49864880001,40260.970229800005,63538.7768386,52749.7795584,62108.5418888,46004.7303864,76007.2120652,36455.5528956,85282.8772138,38709.216123800004,87776.29292580001,62227.30301440001,56237.7051714
Dar El Salam,30743.827821,33884.4323892,34007.119283399996,38509.62959619999,1774.59621665,6117.21183362,40192.750332999996,30618.8995898,11100.73696956,12953.8721399,31426.5395522,22498.5566614,10322.0276344,46076.298594199994,14252.72464636,40747.768827,24027.1370608,38571.3713614,22058.214009799998,32452.4507204
Darassa,30339.364455000003,16192.91093504,16316.50954054,27406.5073834,17357.6700844,20698.774944999997,38142.728481,15115.18244572,23639.5100406,23369.450909400002,14959.21465022,8304.3861607,10628.38548776,29091.1099118,22492.8742462,54242.252996,16404.0202603,36020.1642332,8393.83444012,15165.29377818
Dawaran Shubra,40004.9485938,12753.52824346,14162.9068275,33609.1104322,23880.1679026,25706.008951400003,47280.5330444,5796.87880466,26926.143357200002,32903.73683459999,7045.35388964,15999.65818238,14964.18311414,28472.053811,23834.066338999997,63700.161018599996,9972.76637714,45105.3211646,16430.77053542,9391.03032026
Dokki,40238.91274280001,25705.8954756,26709.5956996,40642.85091559999,13458.62983278,13446.51374358,49014.696837999996,18718.711853599998,13625.07523022,26686.5950334,20487.775010799996,21577.160873400004,5619.56316966,40765.7732004,10385.12220268,55739.01729140001,9142.33791364,47038.414672000006,21579.0146682,22787.034286200003
Dolce,101046.2601916,93352.78985739998,94787.9450836,108499.87529060002,69869.4405758,65092.782448399994,110500.5414622,83835.0732668,60413.82083180001,81224.7640038,86444.99879580001,90020.942462,71883.1235244,109097.843896,59859.4112244,90366.849675,71043.2039258,109110.43417739999,89880.38822060001,89643.4422582
El Batran Exit,49163.3789004,45939.883130199996,46791.1367116,56492.5139954,17488.02407344,12712.70883632,58647.64415959999,38864.1254204,8230.64850182,29918.095428400004,40793.9003486,38765.2233422,21017.0689074,60514.3118502,10015.6656402,49601.6721252,27099.4270268,57114.31902080001,38507.198593199995,43139.5008184
El Itihad Square (Maadi),27899.331947799998,37643.561482599995,37511.4189966,38612.591943,7284.71440102,10275.0904749,37369.8705822,35425.42034040001,15046.72423498,8471.63122782,35983.1131574,24752.2678004,15707.90824082,48619.775246599995,19099.19082746,35161.427593,29570.5469512,35955.976768,24206.4530252,36658.228719
El Kafr (Birak Al Khiyam),52170.3607316,34347.0461084,35825.9537726,52530.2239558,22289.481133200003,19668.23438884,61096.6688872,24977.861260799997,16417.58146028,36892.6708098,27508.0703054,33430.8481616,17355.19264172,50132.207637800006,11172.84874994,63454.8776158,12080.37867398,59152.521807000005,33504.3152362,30643.922491400004
El Warsha (Ezbet Al Nakhl),43757.9955674,14161.53478958,13185.37816062,25509.3302312,46520.4244632,49862.9324324,46175.5949856,23567.248932799997,52373.408742800006,48746.5201528,20886.706257799997,25255.4865324,39330.2958512,4972.09847988,50163.5880356,77721.4697362,36255.2534186,44153.617200199995,25878.0330594,17660.02720436
Ezbet Al Nakhl,44082.458607,10777.7216087,10261.81237096,27081.3368514,43931.2678698,47031.323814999996,47327.4697514,19581.10716036,49277.227213,47298.1832616,16958.20148266,23673.0632346,36337.7029818,8382.23595216,46810.804692800004,76917.9885276,32381.523433599996,45234.134247,24333.9686034,13883.42051702
FUE,28782.481576,48424.6528244,46308.7336876,22735.2246774,58291.248677400006,63068.564060599994,20795.5743686,57609.715107,67838.00382,48269.9025542,55246.1531518,41222.312097,57814.384292400006,39215.42630980001,69228.1386628,61678.058021599994,65340.9446378,21092.5892406,41050.738175599996,52136.533322
Faisal Microbus Station,51337.7184178,43864.099402800006,44919.1338502,56810.750328199996,19093.65641568,14510.1590905,60772.39338740001,35972.2151494,9509.753645,32831.865074,38119.7827684,38397.1105016,20255.1643912,58965.1027586,8228.89468924,54425.829053400004,23597.550344799998,59113.74033940001,38228.1684888,40745.85988
Faisal Tawabek,48732.542907,41025.3871866,42040.7639856,53838.4945388,16483.25997576,12067.33286954,58137.441937999996,33355.97212200001,7143.85587224,30571.8315564,35432.59797819999,35395.96154719999,17252.91310472,56042.719330800006,5228.0191205,53457.3428324,21222.7348588,56444.1620788,35229.185548400004,37980.1718534
Fayda Kamel,26335.859756,34575.8175864,34404.0317074,35816.183259599995,6517.60074294,10661.86452664,35816.7252958,32708.299177599998,15654.2758682,8218.99376396,33146.0479578,21593.445031400002,13651.70391914,45460.4523146,19021.45660822,37193.660445,27639.6877306,34278.1097588,21050.4915988,33696.795406200006
Filfil Mosque (Bashtil),49522.128727999996,23429.618926,25193.8070784,45259.102287400005,25768.284755400004,25390.1950664,57538.961719800005,13292.7327199,24324.200311,38450.5792584,16012.32104372,26950.8927788,17336.8692785,39238.824973400006,19603.81764212,68009.70310140001,3386.27883786,55422.1093548,27257.372673,19417.00877214
Gas,13933.289241600001,36068.98950919999,34092.668832999996,10848.69860738,41596.65997,46373.9454904,10536.86161492,43908.2377834,51149.8210606,32088.132105599998,41878.6798664,25825.9654426,41413.751777,31825.9152362,52639.52987880001,50305.059222,49993.918665599995,9012.34433158,25529.018097,39203.515201199996
Gate 13 (Rehab),32174.6918792,41690.983117,39572.6081548,18586.30587298,57512.84997159999,62224.92529299999,26501.2382972,51580.452036,66687.5204644,49824.6602042,49012.545824,37603.6962572,55385.3160734,30320.929283200003,67276.4707136,67866.22290240001,60834.27048580001,25931.3504572,37605.840931800005,45671.8627388
Gate 6 (Rehab),32544.678950999998,45709.211590800005,43584.5119862,21589.222423400002,59717.875966,64470.5720798,25773.477129400002,55446.18521,69057.3265828,51102.5309566,52925.064412,40687.33772219999,58163.6966576,34740.155445599994,69929.0703984,67177.31202879999,64294.0780916,25576.1875786,40632.0343058,49634.486115199994
Gesr El Suez (Garage),39328.5279596,16072.311915,14451.8371292,20233.846271000002,45819.7933598,49549.458558800005,41037.6584936,26341.7743134,52534.7596218,46298.0523352,23569.5122754,23504.558081400002,39453.795366800005,862.0590402539999,50875.778528400006,74286.08465,38431.601978800005,39078.1200038,24046.170885599997,20095.4215642
Ghamra,34796.097136000004,12025.2101974,12703.5218095,28964.7053892,21664.8736002,24357.536777200003,42051.2578736,9731.94663638,26516.2952346,28783.2545926,9569.77180226,10821.65167268,13577.85660776,26589.536630000002,24364.5773348,59657.8520142,13896.10506598,39878.636416,11225.44810504,10166.40521868
Giza Square,38354.1570214,30032.976827599996,30768.142911799998,41654.74420940001,8388.89678008,7715.06145922,47512.4500732,24045.7283072,8483.66042844,22678.9574436,25573.331388799998,23131.859962000002,5004.9984469,44393.884986000005,7071.60587826,50624.3163374,14771.38845258,45665.921683,22963.9917192,27529.6683476
Hadaba Wosta (Moqattam),12452.63368968,26833.5575808,25460.351403200002,16014.30921556,24515.159185599998,29286.878939599996,19945.7490088,31440.4691102,33994.1930444,17591.02998982,30154.0059524,12185.76761818,24439.189097799997,30890.652169599998,35445.1343004,44041.5729314,34514.7000658,17852.26795442,11590.82361492,28518.2545746
Hadayeq Helwan,26977.1361352,55018.5358026,54294.74570619999,45935.2142406,28650.998445999998,30685.4977088,33905.7271492,55202.15145040001,34565.137683999994,16894.08588474,55214.6559928,40030.3908444,36875.203633599995,62222.1272102,39447.6821482,14041.25625592,50848.7110014,33724.4276416,39351.858636000004,55097.83085119999
Hamada Emam,108564.40387419998,102521.97140519999,103912.531975,116925.67595620001,77965.5276112,73207.46076960002,117963.06385180002,93120.47657120001,68671.5640566,88634.43247160001,95705.275961,98664.51533719999,80519.1465326,118213.0321154,68482.5263446,95358.03638119999,80283.61174460001,116664.3587382,98494.73062100001,98864.30756760002
Haram Areesh,48454.3395764,41698.522712,42671.9586362,53999.44673840001,16202.35050914,11657.79635106,57882.93049680001,34191.5818488,6666.24926398,30069.9699726,36225.528739999994,35689.8596398,17582.19103232,56612.576338,5689.54148842,52507.760623400005,22176.7000592,56217.66546340001,35502.3901202,38717.337512800004
Haram Marioteya,50779.5809692,44095.3692876,45109.7593244,56586.47488559999,18571.82612354,13925.99685786,60227.8391694,36366.9073602,8936.95800948,32135.3761556,38470.204667,38283.974623,20169.57047,59100.94818860001,8218.9818552,53463.19145980001,24109.0244204,58589.948553999995,38097.8499954,41039.914647800004
Haram Mashaal,52694.596822600004,45983.7413106,47031.322842,58657.0078156,20535.785345400003,15847.18354322,62153.5440556,38085.667120599996,10887.846945399999,33891.9587994,40240.8470586,40348.027351599994,22226.0565414,61062.3759202,10243.51415986,54396.18810040001,25670.2811282,60533.9695462,40164.5694254,42870.1187016
Haram Mashaal Alexandria,51942.8658648,45347.776456,46378.553555,57897.087289999996,19774.21700564,15092.06257096,61399.856124800004,37529.0697898,10126.75312648,33175.4810852,39660.812606,39605.8610876,21491.252961000002,60388.745686199996,9530.4833224,53927.8507,25179.893003999998,59776.82845780001,39419.2014454,42262.3495176
Haram Talbeya,44036.5863836,36902.701938599996,37788.3722704,48876.0392888,11918.64461106,7969.76312532,53398.5362702,29909.534147799997,3982.5322628,26412.2441066,31777.5821338,30517.594077200003,12415.99234514,51615.955965400004,1335.678661176,51177.5912884,18617.59679586,51668.1086686,30331.941555799996,34088.5293178
Hawamdeyya,31793.761277999998,55953.517129199994,55457.7492916,49676.442272800006,26653.357124000002,27773.7256644,39381.981503400006,54959.01801259999,31048.4942742,17871.68965114,55286.0479564,41488.3549888,35468.8110316,64557.326933000004,36170.5267216,16210.96760676,49204.306851199995,39007.426862,40834.751845,55566.992020000005
Hegaz Square,35848.503474,11639.18596976,9746.40358292,18329.10078734,40393.9962818,44112.9287652,38644.4467676,22057.8163566,47118.666968,41298.334940400004,19298.341438,18196.40375474,34045.0975628,5692.92886228,45536.2649694,69875.179242,33631.2698986,36572.383618,18761.91687078,15784.50946308
Helmeyet El Zaitoun Metro,38452.510220599994,4716.55600834,3374.24762196,23590.092081,36890.6814386,40110.7051772,42693.18754680001,15030.90541888,42558.4362306,40298.4517126,12256.35718816,16709.7315217,29525.556986400003,11136.42432952,40380.758878199995,70185.6525422,27113.335320599996,40528.4479952,17383.32309256,8757.3179574
Helwan,32429.4111008,65669.1429764,64725.396041,52791.9117136,41118.9617548,43166.6588302,36563.647834400006,66816.41444119999,46947.3114906,28538.2971014,66605.8719304,50408.0109324,49180.1227578,71098.02209279999,51892.9665846,5029.110299,63169.520407,37138.605707999996,49719.9019496,66172.29703
Helwan Aqaleem,30516.1130408,62767.95583200001,61870.5528586,50706.2498148,37855.119726,39912.4725314,35361.3435568,63713.346016999996,43722.135297,25386.0021098,63548.7324824,47542.863215599995,45939.778985000004,68597.2737038,48650.687377199996,6413.75726234,59928.37063,35757.6436264,46855.350722400006,63181.263953400005
Helwan Ferry,37579.602355,67184.79413539999,66487.3832508,57367.69914219999,39261.861634400004,40416.7259,43052.1202294,67019.5670424,43545.0072234,28946.552186400004,67159.2084974,52234.595816,47972.427554,74312.17088420001,48718.8287696,4730.55745652,61792.1366928,43322.967057999995,51556.70214659999,67167.79339939999
Helwan Metro,33022.565791,66563.9178638,65604.4455978,53422.167792800006,42153.9635124,44206.5401684,36928.615952800006,67782.3952044,47984.188035600004,29526.653819599996,67555.18520040001,51293.138189,50201.240390599996,71857.422375,52932.026175800005,5048.43403104,64190.757582000006,37558.8651688,50604.98906580001,67098.19314480001
Helwan Post Office,33857.6081086,67249.8073474,66304.7178728,54249.062358200004,42563.981064199994,44539.502599800006,37784.5278376,68381.8546428,48259.85592819999,30088.741845599998,68179.0197514,51987.9424656,50677.649228400005,72636.8649616,53235.773216400004,4324.7312005,64665.9534712,38414.5125204,51299.826011000005,67751.41017
Helwan Public Club,35109.865431599996,68802.9177482,67844.80327419999,55535.6757842,44162.1180564,46107.44324180001,38758.705363199995,69983.61958880001,49796.4189438,31699.025901200002,69771.4088588,53533.144295,52289.6437498,74062.6123124,54787.857111000005,4557.30432682,66277.6388628,39457.5462112,52844.995402,69328.2623768
Horia Square,27477.5941166,38946.7324438,38761.3537728,39027.3577308,8842.60369448,11561.2935117,36911.7949296,36930.384008,16200.3899855,7692.85954994,37443.9358254,25776.0482074,17300.6031965,49632.2963016,20436.430576400002,33565.878219,31167.6848866,35571.001758800005,25210.1995238,38052.490235000005
Hossary,95688.7152256,84996.9500042,86532.79880419999,101591.13618480001,63818.13444939999,59068.77176,105174.147206,75214.79592979999,54192.3178882,76200.3729956,77883.08130539999,82792.85124260001,64793.088995000006,100825.2240058,52924.3073648,88659.6687648,62595.888835000005,103649.4103578,82709.3267042,81172.4079212
Hyper,80239.85229119999,63936.5436536,65621.6765932,82908.9206278,48080.5438754,43709.7857888,89572.395158,53825.9369388,38743.8485794,62150.2556994,56560.553458200004,63813.80358380001,46633.620077800006,79774.96359360001,35809.574227,81410.01258760001,41678.5390418,87802.71453099999,63844.938823599994,59962.95522819999
Ibrahim Bek,48989.363893400005,10398.3518603,12311.2605254,36268.481021199994,38834.6681364,40737.760074,54388.400957800004,9404.59205542,41718.6410196,46373.2222166,8265.677225,24810.1229776,29998.605586,21831.0972814,38157.0170554,77199.6551608,21552.352424200002,52185.912442400004,25470.557236400004,8384.237402600002
Imbaba,44528.2348526,18663.80934736,20273.0231032,39756.4880068,23418.2588514,24044.450263400002,52333.5705682,9277.84474616,24085.930347999998,34808.7752186,11721.62928968,21515.0223696,14405.59065966,34510.291068599996,20095.310912200002,65044.14703759999,3745.09151178,50196.9963482,21844.8638278,14862.2547721
Imbaba Ferry,43077.127991,18055.68701868,19567.05511978,38508.6807876,22349.8861708,23197.0766262,50900.253439199994,9214.58716782,23504.8450572,33472.5463592,11451.74624392,20148.044764,13281.64655924,33858.3611846,19739.03086654,63792.3775936,4527.18528222,48766.4842298,20464.1918024,14403.88711686
Industrial Zone 3,108344.0533188,100430.96713799999,101896.3678984,115827.07272060002,77211.4183092,72434.90757699999,117792.1512848,90818.3572488,67756.098547,88501.09790800001,93451.2182778,97317.7724974,79186.35157819999,116206.82987100001,67169.34121059999,96918.2978778,78078.64944260001,116414.3692754,97182.945872,96682.91268260001
Isaaf,37189.4740662,18462.03799304,19396.02108906,34586.3533376,17010.91429718,18756.10356056,45316.331730800004,12701.56344554,20208.145829400004,27229.4965234,13930.47379918,15572.58578332,8014.877596400001,33436.656884599994,17619.9970249,57708.9292574,9152.23963392,43223.3958914,15734.91805838,15795.32003486
Isbiko,53922.6523066,32501.332356400002,31354.5755982,33475.5449798,63724.476694599995,67409.53075759999,53219.6635248,41820.812009199995,70263.27896519999,63634.0474684,39189.9008138,41351.7776572,57171.4391232,17665.05247636,68334.6612104,90260.6168268,54598.66884119999,51625.0805726,41871.1235974,36023.9461186
Isko,50785.921489199995,12095.5793904,13512.73590218,36347.3055816,43128.6290454,45246.977140400006,55470.567179,14111.00660544,46407.1274758,49823.042331,12571.25154916,27342.110050400002,34438.5470694,19483.38744598,42949.1372002,80500.508619,26426.3961426,53293.7757074,28024.720330799995,11646.1004354
Islamic Mission City,29967.8085074,14606.91926658,14597.205702599998,25878.027869,19139.2655754,22574.711855200003,37465.082838999995,14601.6867074,25556.1460822,24333.5295778,14109.69211582,6860.71389294,12543.575024,27192.034894599998,24379.545202200003,55156.8128462,17417.01757286,35314.882881800004,7066.91413826,13927.83018644
Jazirat Mohamed,52343.677191400006,20113.687685599998,22166.2143074,44827.98272280001,32473.3036882,32736.116260799998,59571.1093712,9982.59133394,32126.4085634,43880.0749772,12559.93918692,28230.3222024,23530.351844,35132.244066800005,27559.2130412,74198.2196594,10352.6166966,57387.346543800006,28698.385613200004,15994.53729904
Kafr Al Gabal,51508.291971,50308.2623668,51118.800704400004,59999.2085968,20714.480429799998,16046.46170928,60980.324461000004,43325.825273400005,12143.17566444,31832.3473272,45243.24264700001,42657.9031626,25179.7085788,64745.983323,14472.84605098,48685.34607280001,31532.473802200002,59551.8663554,42365.396192,47559.14703380001
Kafr Al Shurafa,43878.6628486,17081.43608256,15905.42403118,24811.3711496,48753.73523,52252.105593,45624.068169800004,26730.2431372,54936.1519702,50170.0955764,24025.628995599996,26954.785277,41855.9644638,3807.27441364,52900.780846,78586.019908,39339.3127044,43671.495971,27542.788412,20735.6327814
Kafr Tuhurmis,46200.4378772,35344.522584800005,36421.631853800005,49446.548007800004,14723.70717074,11443.72534494,55435.843540999995,27559.719843400002,7968.5436917,29435.029439599995,29644.2222682,30643.574624599998,12656.67278634,50518.034431199994,2714.30390356,55052.6065478,15543.06163806,53620.1037594,30545.977615400003,32228.1967522
Kan Kan (12th District),106977.1978672,96787.7194358,98338.608004,113345.29793639999,75318.550479,70551.4945144,116458.35010139999,86953.1944214,65729.011665,87325.628464,89634.62554760001,94589.4689718,76558.5034326,112623.93047680001,64647.05119859999,97874.426654,74383.7239224,114985.1928156,94498.1403702,92942.8544592
Kattameya,4164.16026238,40612.141530199995,38926.2966562,19736.20957668,36338.4851148,40962.277920199995,5346.20293386,46425.3533708,45945.7380374,24103.3862944,44924.765733,27121.7152898,38582.8665792,40261.89932719999,48450.4128252,38970.5642182,49648.7762502,4004.87464376,26591.7749428,42917.6433052
Kattameya Church,9207.35310702,42018.6888384,40187.002026,18634.46255676,40996.0329368,45675.1395102,2186.86591236,48728.8419498,50635.115047,29161.108428400003,47004.443389199994,29652.503036000002,42643.344057,39681.8228868,52921.9076608,42924.848815800004,53016.9928746,1135.7594569839998,29198.273407200002,44703.545762400005
Kerdasa,59971.3654566,43620.119992800006,45154.264647,61697.3127322,28491.9016954,24745.2749376,69136.37692380001,33971.1545112,20234.9388494,43141.5765564,36590.472398800004,42601.241981800005,25646.3970218,59444.542033000005,15984.289286000001,66906.5132214,21228.6479958,67277.11732359999,42634.4575566,39827.5175936
Khalafawy Square,43273.693362,11067.36367508,12927.76514274,34918.692719,28387.378426599997,30061.3291666,50072.716782999996,1325.598279774,30996.4957294,37282.05940219999,3645.3762911,18773.50360798,19413.30106884,26833.845412,27553.3300454,68121.337652,11798.08506322,47873.8016996,19303.78339976,7009.76945028
Khanka,63877.0739826,33554.9157372,33313.526925599996,44136.3307622,66954.5686566,69895.163091,64816.351447,40278.0473368,71826.0481744,69977.6269608,38149.9273252,46436.8168612,59097.896279199995,23926.515918200002,68907.9686734,98774.76795539999,52999.31364,62994.8810912,47070.9986516,35829.400763599995
Khosous,49597.949010000004,15108.90552596,15112.57965378,32158.849508799998,48546.7058534,51390.1829008,52626.721331199995,22156.391744599998,53306.7025084,52617.363518599996,19836.29911312,29021.7754264,40578.727368800006,11927.017225,50475.41618480001,82403.03527939999,35048.4913196,50558.2083386,29692.345300800003,17330.12255278
Khosous (Ring Road),50382.0140794,13411.43523444,14034.89672094,34151.744406,46420.109941,48953.014196,54150.196284800004,18693.28101228,50536.5711794,51665.8082296,16635.35835412,28358.0000222,38094.1277172,15199.99842428,47413.947991,81931.1551202,31441.089936799995,52025.6090294,29044.2578304,14662.06271634
Kilo 4.5,27171.951542000003,20451.014986200003,18324.5875572,7574.41322106,40392.0362648,44760.6460398,28367.257148400004,30173.6630568,48628.290976,37287.315022400006,27628.664268599998,18095.8244561,36202.174381,13499.79019566,48232.0349568,63152.748396,39756.491127199995,26415.480890799998,18332.98609814,24336.592922
King Faisal,53798.78287159999,46349.118407,47443.3046858,59494.2153916,21599.2134916,16943.9693538,63250.0479076,38257.3211732,11960.91194536,35073.884731800004,40466.250258199994,41081.27570119999,22937.207345400002,61532.0816486,10904.58134386,55615.07674319999,25711.179479,61615.793620000004,40914.23702280001,43162.6551872
Kit Kat Square,43386.5135684,20812.235608000003,22238.78477,40160.079764999995,20468.815821599997,20872.1621746,51524.870338,12145.37655572,20836.754418,32461.933276800002,14372.76118848,21402.8537732,11606.94862116,36549.0704832,16896.467378,62388.2540944,2939.32016116,49427.6436,21638.4863038,17259.3507816
Kobry El Qubba,34755.1918898,5219.38076464,5222.8018491,24441.0436558,28460.290641000003,31588.616757,40642.3906536,10489.824588200001,34045.864392799995,33112.2851634,8340.3843888,10512.10149448,20997.0347932,18952.0555322,32016.8555872,63633.3568536,20149.5539888,38431.3602842,11182.33727376,6055.83713592
Koleyet Al Banat (Ain Shams University),29683.4507964,9899.63551824,7976.37470558,16464.5650223,31796.2851298,35667.1690254,34240.724931,18574.23148138,38927.940232,32752.581943,16190.45933774,9444.13632708,25971.209885,14433.80799846,37777.122051,61953.7906574,27944.0814584,32052.143090599995,10017.96807888,13183.459413600001
Koleyet Al Banat (Azhar University),23612.0549248,15218.28763336,13746.1349267,15114.83109912,26686.443148,30946.156116799997,29301.9125608,21352.5485466,34741.13638919999,26018.185428999997,19558.53543986,4234.49501806,22381.933509799997,20806.0643644,34419.0344,55040.640177999994,27805.9986774,27091.1501348,4442.74487116,17369.60206516
Kolleyet Al Zeraah,45902.2448968,10293.78421674,12394.54302372,35860.5649708,32477.197501399998,34147.0119892,52224.4142014,2807.10043254,34986.526492000005,41040.1865546,3376.35968498,21286.9850978,23511.6843132,25237.1439744,31394.127793199998,71910.33099439999,14963.91719538,50014.731675,21879.898055200003,6300.47591484
Korba,32960.4059816,7537.42755508,5431.62673932,18663.389762799998,33974.8771962,37623.39292200001,37254.874226,17273.03201926,40597.143377,35801.93320380001,14671.18874368,12254.4494629,27524.2533082,12124.40274196,39056.2575602,65218.5697046,27835.669799799998,35081.0391094,12881.30360846,11350.32096262
Laylat Al Qadr,105260.07308680001,96152.77146860001,97656.8267498,112120.4186022,73803.7600178,69028.08529500001,114731.71815039999,86440.314694,64264.0641914,85520.6665594,89094.913625,93475.034153,75383.6783894,111961.01282379999,63410.192414,95349.15803400001,73766.24741139999,113296.909824,93362.4157912,92360.846663
Lebanon Square,46688.843499400005,25947.0628376,27416.506239,44921.6741244,20408.8557824,19601.529042,55185.605628,16811.98148324,18358.16531334,33849.5334668,19240.68458368,25950.4450286,12700.51375238,41722.926708800005,13670.31204818,62732.25524959999,4021.08116862,53142.6305298,26114.110851400004,22291.0627494
Lotus (5th Settlement),30559.7428578,50040.1509988,47920.2978502,24482.452149599998,60185.9382768,64963.175792999995,22408.377369799997,59308.241507599996,69734.2326428,50108.8575498,56922.9688388,43058.90337280001,59700.6149046,40479.9261254,71122.961768,63056.325151,67155.4821698,22797.3838978,42894.6285958,53786.390847200004
Maadi Metro,26728.8846756,38588.749388,38367.470320199995,38327.8371672,9097.57883492,12059.43897666,36166.6498874,36764.281418,16766.77441608,6978.84138544,37224.0022694,25267.751605200003,17340.60173054,49109.59362280001,20908.149768799998,33461.9542038,31260.2154618,34820.5141638,24693.4171218,37766.9078512
Maahad (5th Settlement),13991.29012004,42712.8122224,40764.7710552,17604.47080006,45058.348653400004,49789.733347199995,6153.21205966,50235.3931828,54704.6339676,33824.0828512,48304.0997366,31662.340962000002,46014.542679800004,38466.8069514,56712.7525658,47595.710827999996,55581.752029400006,6144.78373872,31290.7947948,45737.057126199994
Maahad Baneen,90277.63587120001,72502.4097964,74281.16919380001,92449.69995439998,58147.732530400004,53790.0521342,99589.99197160001,62211.43948119999,48825.1744468,72229.7096974,64978.17943840001,73348.514748,56460.03129119999,88253.655177,45834.876547600004,90908.896508,50564.9249562,97803.42469,73412.0175954,68444.956404
Madinat Al Solb (Tibeen),51497.0269672,83640.11915299999,82859.38710379999,71874.16651699999,55810.0352678,56656.6717576,55090.7583508,83717.71987280001,59408.7768368,45540.1626264,83824.248325,68549.29048180001,64613.220633000004,89961.9189938,64652.6166526,15054.66718128,78363.52066539999,55858.434730400004,67865.45391340001,83758.165682
Madinat Al Talaba,46368.523602,22756.750336,24333.9180006,43053.010507,22341.8946718,22172.526223400004,54543.900045,13296.66567222,21466.877420400004,34957.0283998,15806.14061376,24384.1128426,13840.18583732,38595.5446688,17023.9992013,64540.4903622,394.477181612,52449.422479,24633.3171368,18970.29207556
Magda Square,96640.8583614,85358.7073106,86920.647537,102274.6976646,64692.6581842,59955.4095596,106125.12966919999,75508.9996236,55054.628648000005,77216.8359262,78192.17790119999,83425.5193998,65474.490912199995,101199.24593420001,53657.4419926,90024.73746219999,62954.8410148,104581.053203,83353.927812,81504.981646
Mahkama (New Cairo),13563.43644152,39336.920024,37375.027790199994,14167.95432576,43219.3546906,47983.07482819999,7983.48050212,47013.5863248,52837.635806800005,32798.3624518,45034.3569242,28656.4492564,43621.7284182,35083.1804758,54593.022578,48891.213528800006,52720.423890599996,6968.7332684,28318.714849,42414.675371599995
Mahmoudeya,4620.66092616,40920.6552008,39223.3214688,19813.12851422,36805.3833644,41428.394305199996,4880.62457328,46796.921221599994,46412.1387324,24547.9088128,45281.4672148,27499.030502200003,39041.14079,40412.3740314,48917.3259742,39128.973734,50080.665954000004,3592.8603748000005,26973.540256800003,43253.89292200001
Makram Ebeid (Mostafa El Nahhas),22032.9607568,17583.07495452,15761.05229606,10506.65377494,30572.7264238,34989.1419264,26430.8378242,25102.810428599998,38973.1015336,28076.539414,23047.8645184,8783.61606038,26856.797839599996,19237.30830154,38879.947205000004,55703.841302400004,32343.5346518,24236.0557012,8865.2700037,20439.312799799998
Mamaleek (Manial),34739.3493878,29228.031526599996,29724.133132599996,38738.123605,5695.57827076,7141.69409032,43927.054851,24447.926826400002,9940.8874053,19261.06503184,25622.8015298,20660.1002894,3754.90009798,42880.7541364,10158.04404252,47924.253242,16867.79834836,42098.465897199996,20412.963334599997,27160.795306800002
Manial,36652.6960676,25604.189719799997,26329.296122599997,38108.3531886,10351.00126428,11387.42299918,45529.614855800006,19993.22449622,12900.78768476,22998.425162400003,21353.7174338,19259.90877852,1874.099523006,39991.5478182,11108.3598733,52371.0967856,12351.21487372,43584.7552246,19163.68838546,23173.671511200002
Manshiyat Nasser,28538.8290742,18113.80162058,18072.23781536,27002.261352200003,15795.62110684,19454.53462352,36581.890967800005,17382.840546400002,22758.3853118,21105.260019999998,17220.42723842,8091.18559488,10075.39380126,30326.843731999998,22109.5599748,51975.670117199996,17881.38514628,34490.0022104,7991.49192998,17322.59471996
Marioteya Ring Road,53969.72821,42992.3999608,44229.613543800006,57949.9616962,21825.9436682,17587.53757588,63320.2118936,34389.688688199996,12743.17617366,36126.545026,36729.8580182,39139.265748000005,21152.4137776,58462.207435000004,9596.06339782,58808.972129400005,21606.5350004,61574.155632,39048.494729000005,39601.811589599994
Masaken Ain Shams,42083.436805000005,14396.10141506,13156.70394008,23601.6573502,46006.4668888,49484.545737199995,44313.0090966,24220.630471,52160.4236934,47669.1653548,21489.3126508,24332.9875918,39080.3002428,3009.9433774,50137.9879696,76359.2765468,36727.36404,42306.063913,24933.431742400004,18141.23670674
Masaken Al Shorouq,24897.0229522,18967.96460194,16877.31301652,7263.19299852,36830.2282202,41218.6654782,27172.946534799998,28123.895719,45130.3920636,33865.827043,25711.407197200002,14660.8909697,32803.7791408,15187.36536966,44840.846902599995,60302.085287400005,36997.0177146,25106.5400302,14860.93848358,22595.265476
Masaken Al Wehda,45794.910404199996,8640.97912454,10766.2122617,34670.2872844,34209.555864,36110.84745,51738.235453400004,4858.82902476,37160.67632219999,42062.8862708,3745.5577228,21282.9491648,25364.7003418,22939.074612200002,33711.2424134,72927.58806719999,17491.59827908,49527.4459698,21913.215071000002,5146.93666556
Masaken Almaza,30678.473592799997,12739.17503784,10612.7760417,14059.56776304,36795.0575394,40784.469696,33803.828216,22621.273853,44152.851546800004,36556.1368856,20016.915380000002,14128.85000922,31239.823429400003,10277.47355712,43073.4465808,64761.3859954,32896.113934,31693.7420212,14607.09304568,16668.54277932
Masaken Betcho,10438.98658062,36273.531257999995,35178.6749628,25517.3708748,22212.389957599997,26676.533117400002,19900.76248886,38954.5306214,31676.927563200003,9613.65453282,38224.9279252,20982.4932364,26078.1453604,41651.2404678,34627.2044976,33318.5249336,38826.197852,18528.16846312,20299.5337528,37248.751410000004
Masaken Helmeyet Al Zaitoun,38669.1592206,7844.28651668,6393.42498732,22428.2439384,39413.293305800005,42784.8010536,42241.9004806,18096.99523082,45383.1751288,41991.1886058,15323.24593868,18386.4163664,32312.730356200005,8007.93834568,43339.0032656,71443.6736042,30243.103844999998,40116.926755,19031.72811786,11844.18600746
Masaken Othman,98321.60185660001,92656.70395519999,94000.0351854,106666.2293226,67677.1850704,62920.6551194,107732.2619368,83414.522075,58399.1180148,78405.2542718,85959.5583756,88465.711399,70327.5447022,108281.78385280001,58296.373927,86120.75229680001,70531.6557768,106417.231602,88286.40809419999,89062.921588
Masaken Othman (Ezbet El Nakhl),44476.309890599994,11597.48965616,11047.39061866,27223.061905000002,44713.3964146,47832.095018,47572.81543,20381.8955282,50093.3638566,47959.9299046,17768.07775204,24334.6573892,37146.9905488,8020.00107058,47635.6232066,77500.68595739998,33193.7491392,45491.857052,24991.5013662,14706.35800148
Masaken Sheraton,33992.800016,20280.402546,18282.24031672,13915.50099074,45473.6399214,49614.409474,34633.220833199994,30656.443668799995,53137.1221846,43645.7512542,27923.276442000002,22753.481894999997,40303.25267840001,8118.0258621,52182.147627599996,70002.493233,41715.8389296,32780.978071,23139.6102142,24424.0153042
Masaken Zainhom,31968.483013200002,24361.632562400002,24721.4531682,33957.7696268,9186.72109122,12120.4055531,40822.8323388,20692.610556400003,15172.73122456,19293.785043599997,21478.905910799996,15525.43144698,2986.48736202,37679.9618,14767.55897138,49481.479779,15822.87986756,38878.178479400005,15320.32087368,22623.0131982
Masarra,39727.172526,14746.41875532,16052.57502492,34462.8536312,21995.4848682,23663.3051532,47294.008581199996,7727.83139392,24795.4459274,31604.8192264,9175.84846494,16268.69047518,12995.33467604,30355.296221200002,21691.9509958,62298.844013199996,8528.19928436,45139.5489264,16626.2112385,11506.14611518
Maspero Ferry,38147.6453398,20139.671710799998,21127.7046964,36209.269472600005,16216.60346434,17572.79255292,46441.620858999995,13812.8757619,18719.23978338,27273.630637000002,15270.52168406,17143.56748154,7114.2757421,35207.9746428,15927.563559999999,57498.6599076,8247.719946,44371.827881,17268.8040693,17335.35777558
Masraweya,25841.8859102,45464.4250606,43356.8949214,19592.30902814,54989.693084800005,59767.247642199996,18307.74633274,54512.0258566,64525.667829,45147.1223816,52183.2615694,37930.3733588,54475.3880752,36871.864707400004,65893.2605328,59566.21576919999,62073.927672599995,18370.43490848,37749.8281506,49118.0574172
Massalah Al Gadeeda (Matareya),43051.0394636,5610.46090638,6142.38316306,28296.556853400005,38994.6722144,41803.2745086,47453.563495,13502.6972817,43765.7279158,43764.351228800006,10889.12804888,20470.509678,30995.070252599995,13286.75849508,41067.468129400004,74035.78404439999,26317.3594784,45285.047534,21157.789321599997,7934.5602179
Matareya Square,39749.8442308,3346.40704276,2992.65762172,25451.1855174,36521.963179000006,39555.4954794,44279.8513952,13265.91826074,41796.5809422,40678.05305919999,10497.03674584,17255.84037226,28849.9537204,12779.0740245,39406.9780734,70829.53942860001,25604.7792872,42102.5902854,17940.99620618,7056.7535431999995
Matbaa,28805.4411626,35767.4922366,35729.0718266,38207.693264199996,4915.86221154,8433.5928692,38290.1260226,33183.830914599996,13373.11503266,10118.92714468,33824.201627999995,23404.6575102,13288.18130164,47224.3073542,17074.0954651,37603.2275088,27130.514072799997,36774.377492800006,22896.898963,34620.652102199994
Mazallat,44182.5090056,10699.326738,12664.83198186,35247.014033800006,29768.238192400004,31431.4528636,50824.4451252,320.29157882,32322.139043799998,38565.1299752,3043.80822756,19610.78657182,20793.4191616,26293.2462896,28816.071029000002,69417.31155760001,12763.66094564,48620.7021744,20164.7808066,6557.3278185
Mazghuna,64067.1478034,93286.97463360001,92745.6186096,84130.6883234,62860.1239498,62688.376135800005,68508.23726560001,92054.813487,64476.4572962,55057.06265619999,92521.28921439999,78643.845958,71945.1331888,101116.464289,69705.94426939999,27213.3956976,85076.4216326,69101.2554218,77977.1413354,92899.6407108
Mazlaqan Ain Shams,42571.8033772,9277.89960278,8620.82258324,25935.4920028,42278.7294486,45421.462367800006,46005.9573508,18497.57476996,47730.1174908,45584.98058919999,15814.95693066,21960.4738914,34758.58781419999,8387.49117662,45344.417076800004,75235.52500980001,31192.5020672,43896.2987432,22622.241135,12610.18162354
Mazlaqan Al Deweqa,27894.314247400005,14848.78123748,14504.1601883,23671.590565000002,19832.19115116,23586.3826522,35239.255517800004,16276.47059638,26883.466989599998,23522.8100554,15473.210363600001,4589.03599882,14073.1140129,26241.3820648,26059.5028278,54186.969927,19731.82819412,33080.3270642,4758.99906552,14807.46378704
Megawra 1 (15th of May),32602.0884456,69124.41427739999,67939.45613040001,52903.042791800006,48016.884119199996,50616.5319544,34258.686007,71540.02028380001,54739.81923559999,34239.4847678,71002.78320199999,53865.465978199994,55414.71775619999,72575.592251,59477.6981962,13008.0190062,69310.6130344,35355.9809774,53185.8619576,70145.7317604
Megawra 11 (15th of May),39933.853726199995,75686.28815980001,74592.42764919999,60313.6156844,52498.9564576,54592.9975482,41802.632828199996,77522.2929666,58348.9168796,39534.2172506,77150.4671606,60386.75790599999,60428.8437988,79764.8475262,63312.9786982,12104.74299826,74412.52564260001,42896.0472274,59701.439022000006,76490.526078
Megawra 3 (15th of May),36249.9315564,72989.3512754,71794.83076319999,56453.638533000005,51658.55571080001,54140.929797000004,37426.488518800004,75413.63354560001,58172.9507856,38020.75625119999,74881.54279260001,57735.9669852,59169.5882724,76282.088622,62976.7987354,14339.897623800001,73087.5494834,38635.586228600005,57056.872875400004,74023.3144954
Mehwar Desert Road,74570.18075099999,56066.0207752,57802.516821000005,75894.71538119999,42844.502522400006,38810.9906664,83756.62396119999,45861.3198464,34019.7148648,57344.161049199996,48612.8799654,56802.5373952,40239.4095068,71872.0564854,30325.5380634,79064.6319542,33985.2702972,81901.7228832,56883.0939398,52047.9498872
Mena House,53709.7251778,47365.284611,48414.0775164,59932.3477382,21629.4201132,16902.99735792,63178.8985454,39440.4407992,11993.8034718,34753.619858,41606.4246258,41675.226474,23566.007477799998,62443.46181159999,11606.36090104,54568.865759,26986.9663866,61581.7686892,41485.3129734,44245.5940616
Misr 2000,21725.282117400002,36743.8144018,34643.8074776,10828.61704776,47768.111483,52525.9060446,17117.79759958,45741.7515126,57140.523309599994,39374.41838919999,43414.866322199996,29448.7630186,46484.446615400004,29096.965617799997,58138.372639400004,57922.81661819999,53482.9884726,16117.61006224,29314.788320599997,40363.2524172
Moassasa,48676.671697800004,12355.47808676,14481.95912912,38277.1731048,34685.245565,36112.5791006,54934.232342999996,5297.3722575,36657.713555,43666.2443834,6111.90339696,24063.948936599998,25640.369320200003,26486.3373692,32810.5914672,74522.6663888,15839.79863052,52723.760555199995,24660.088076199998,8640.00370882
Moassaset Al Zakah,49744.5882084,25062.3611908,24002.4374892,29686.4717124,56848.3010138,60388.71276159999,50252.6854792,34301.6014882,63085.04498300001,57697.8150102,31673.2703644,34816.5703796,50005.8058682,10960.82075906,61010.0601064,85368.246651,47086.6092554,48466.3112236,35377.719349800005,28524.3121366
Moemen (Nasr St),21020.693522,33828.394081,33333.4471046,31548.288027599996,11487.72274746,15905.80339918,30501.446892,33596.960206,20906.2290304,4785.84538784,33596.1743372,19530.27793728,16763.58429344,43118.88279719999,23983.338757799997,35632.73150919999,30486.2944788,28970.1750924,18901.90618766,33591.3966822
Mohagreen (Ezbet Al Nakhl),44024.3947932,13096.00605216,12267.48258478,26158.4734402,45789.6735632,49046.3756824,46716.626977,22293.5910982,51460.511067,48417.8504766,19635.6343823,24846.078123400002,38448.8957494,6124.83330048,49153.3101878,77628.4247512,35034.114091,44669.6073156,25483.4325132,16464.79242256
Moneeb,36602.947800199996,36737.333846,37163.014689999996,43985.5003558,4706.54070732,603.670463076,46065.919154400006,31873.7202648,5320.04651692,18138.56151146,33144.5291648,27057.7024704,11299.51211734,50029.417353,9419.27232604,43267.236166400005,23033.4341258,44464.47763380001,26702.3309244,34721.8799728
Moneeb Konayyesa,39858.8273586,37955.1232082,38545.928212,46733.560669800005,7757.61961706,3011.36911196,49315.4771578,32267.888250599997,2064.24805078,21369.5087948,33775.83599,29316.695252599995,12366.27201754,51794.3977174,6820.57191288,45538.0204084,22353.202606,47698.9353852,29011.945207599998,35637.476060400004
Moqattam,13794.30086894,26006.3912912,24731.2291716,17148.51873414,22939.638779400004,27704.0381888,21563.5474872,30171.346973000003,32378.085134400004,16754.90818268,28982.882632,11053.4343627,22733.641084400002,30945.1957308,33765.7648492,44117.398497,32905.968615599995,19489.19970658,10423.68124998,27489.557554000003
Moroor (Kattameya),2996.94655168,40332.7758084,38686.6027474,20149.230434999998,35236.222114599994,39843.8031094,6489.13639688,45913.6763936,44831.622312,22900.806245400003,44470.985902,26598.8952868,37634.5032804,40459.9257046,47390.4008688,38096.7948944,48866.7640634,5222.74019814,26051.317626800002,42540.1128074
Moroor (Saqqara),43519.017160400006,66855.135133,66526.0969606,61694.289757000006,35412.9753966,35170.747848800005,50591.660866000006,64841.9292778,37154.909541,29451.2297628,65470.488883800004,52858.1895604,44514.0348246,76245.3892136,42413.8684886,16595.7098466,57550.152064199996,50417.1044006,52224.7187436,66102.5437014
Mosheer Ahmed Ismail (Sheraton),30670.969717199998,17566.30871188,15463.47833964,11570.2655399,40990.194590800005,45159.620076,32310.3270056,27686.652752399998,48741.4927438,39282.822617800004,25033.1738678,18285.53622694,35977.611945599994,9578.5352523,47910.7947746,66155.2952908,38104.698120199995,30329.1456514,18657.47819604,21615.1301884
Mostashfa St (Faisal),50349.6619982,42809.154121399995,43849.1719912,55698.1559612,18094.83583946,13560.0715941,59774.7161956,34999.17774019999,8567.67866512,31960.061502599998,37120.919858999994,37276.481612999996,19134.49780174,57878.530943,7109.58278262,54026.4716878,22707.0142724,58103.86553019999,37107.9182898,39718.1159076
Mostorod,44131.4920084,5625.39420782,6863.62375066,30072.7891454,38340.506967,40941.0059128,48871.920301599996,11679.38664142,42681.2061226,43856.6447388,9202.21645754,20918.7329752,30089.859165599995,15523.09885842,39779.606198400004,74343.069736,24576.880440599998,46688.8800946,21605.8641292,6679.65748982
Mostorod Ring Road,51599.8150662,14820.052982,15414.59856068,35110.282194199994,47819.916527199995,50332.0410012,55233.379605400005,19946.35072324,51880.7075592,53063.8131314,17949.20309406,29729.850750999998,39472.6544982,15706.93427592,48716.273325,83304.0988384,32630.795127599995,53119.3698594,30415.4769142,16047.63610226
Motseian,39910.7607194,30744.6115356,31567.5043576,43067.726199000004,9594.66933156,8212.0630609,49072.2307226,24300.4596562,8020.1654454,24068.066669,25966.749917200003,24438.5237662,6297.53945684,45336.365383599994,5763.3994587,51635.0829486,14313.07571464,47225.491995599994,24294.222679,28082.1153008
Nafoora Square (Moqattam),23772.5480092,23746.859869599997,23371.296571400002,26672.8916278,12825.93192428,17337.18117532,32485.9196288,23750.208216,21618.847976400004,14807.72335892,23552.037169,10361.52616028,11342.17582092,34205.8478198,22475.014238599997,45649.9733546,22848.5758404,30522.0490398,9855.18975918,23436.8067094
Nahda City,52642.8460376,36385.9000738,34962.41980340001,32313.5464478,65859.007326,69813.6518354,50795.32594719999,46245.2293118,73016.57950139999,64278.8393242,43528.6817172,43162.94724740001,59974.2406326,20681.776542,71508.4337804,89427.69687,58767.2888656,49399.251161800006,43608.1770008,40191.850962000004
Nahia,57848.62891919999,39685.4060306,41265.544968,58498.17878740001,27156.9888278,23908.0758038,66864.2117128,29924.856088200002,19873.69609902,41874.397571199996,32568.485350200004,39401.7198576,23130.5072258,55529.2403664,15022.0138917,67082.4972436,17282.679665400003,64946.0515734,39479.2683578,35843.733670999995
New Marg,49575.3193916,17318.4436648,16962.06543188,31288.136713,50625.259501199995,53662.2113148,51999.015811000005,25162.092237,55787.3160396,53873.7282628,22733.131105400003,30258.018886799997,42920.878357,10354.71722522,53144.728504800005,83226.7925442,38073.135286000004,49985.9888752,30908.435099000002,19996.29622444
Obour,80493.6192812,60397.386172800005,59507.3860576,60262.5189632,92364.313813,95975.50365439999,77975.9670904,68809.99979039999,98668.1986164,91997.5532298,66379.0337302,70017.50057979999,85596.95592200001,46295.2122762,96461.2604374,117345.04643699998,81719.6240894,76758.3654796,70531.57658200001,63525.7123112
Obour Market,53625.4999008,40697.0841266,39161.1856464,33714.7868092,69063.3526282,73161.7811276,50882.9683476,50737.3022408,76556.78162919999,66545.263976,47995.4243762,46334.57121559999,63593.3809704,24858.981229,75290.2949922,90526.7860638,63100.015140999996,49667.3854496,46731.4805602,44601.7831312
Om Bayoumi,52439.3724866,13990.909478,15921.81888188,39873.259502,40814.069421399996,42374.9449138,57957.50878840001,11152.80499284,42965.9294984,49123.6973056,10799.67224726,28114.52187,31820.414895200003,24855.361161599998,39087.159366,79993.44283560001,21977.6706144,55753.1369322,28763.298874199998,11666.09081316
Ommal Square,13809.38216522,41681.055959,39728.119736,16543.75090034,44506.2266206,49249.532295,6615.3984271,49255.1879316,54147.5649804,33512.530233599995,47308.1473828,30747.166624799996,45292.7776498,37417.008421800005,56078.2993646,48009.371471800005,54716.6405304,6249.07048726,30385.873948400003,44723.57116
Omraneyya,40325.7301478,36273.5997606,36948.198888599996,46185.381036800005,8080.14068032,3960.70949108,49734.1290304,30263.656407200004,2273.1638895,22421.0189936,31850.768384,28343.481497400004,10822.12402898,50393.8959016,4954.1869471,47522.03996540001,20127.9622158,48050.5167466,28083.408222400005,33821.8266632
Orabi Bridge (Shubra Al Kheima),47377.045861800005,10541.23714896,12666.70712882,36546.735758999996,34622.132049800006,36287.6552922,53458.6985768,4950.88195816,37082.7472576,43041.2692732,4892.27595568,22801.8191666,25659.2583164,24651.4169626,33425.123935,73915.9279698,16774.975687000002,51247.6688942,23416.997005,6957.40502294
Police Academy (East),24475.9076378,36037.633464599996,33916.98124,10945.33524716,49295.7415544,54024.5455516,20161.3479592,45397.869317000004,58540.878400400004,41568.200507199996,42973.527904400005,30017.544025,47492.2984524,27228.6490496,59292.4266758,60863.29632080001,53760.6988712,19131.09697058,29952.0481376,39804.0755876
Police Academy (South),17997.0086062,31306.579243599997,29257.044434599997,5267.98307378,41434.162798800004,46174.3638112,16400.42125254,39827.4727434,50733.31503319999,33833.050126999995,37612.0355214,22974.4272676,39950.4343828,25941.315821599997,51634.894832,54885.004596599996,47090.9076018,14704.8272901,22818.459684999998,34711.8820034
Qalaa,30081.705211799996,21437.928604,21632.144797599998,30655.636900999998,12037.4149252,15447.22402392,38630.2767552,18972.31222526,18674.60237074,19667.97051988,19362.5428422,12042.42916098,6156.18953058,34300.404553,18168.15836858,50386.619054,16497.9255239,36616.711794,11862.49736412,20081.049591799998
Qalyoub,66285.8642538,28435.5214796,30413.867681400003,54392.718452199995,50095.41166780001,50467.135096800004,72234.0796018,22758.5273558,49708.8694998,60679.160677199994,23733.344087,41698.1563692,41060.5577002,38308.753060400006,44954.979334400006,91359.203257,28049.7405614,70024.4628734,42305.313884400006,25630.4358842
Qalyoub El Balad,65334.6363194,27239.0100758,29183.856324,53093.7805258,49922.27777759999,50453.75994719999,71137.226016,22056.0063562,49862.404860400005,60192.890108800006,22858.919024000003,40788.1275008,40852.412101999995,36747.9264602,45191.71300919999,90941.51595539998,28113.565852,68929.4174472,41406.0532698,24583.017207
Qalyoub Exit,55546.217409000004,17758.68918972,19788.34664692,43851.4977404,41462.14553,42543.17375280001,61449.1355586,12508.35122182,42620.7284338,50864.9288928,13087.57141356,30996.700242400002,32364.893593599998,29242.3263694,38383.714651999995,81708.133435,21006.0017762,59239.25097000001,31615.9636416,14842.82724486
Qasr Al Einy,35647.393926599994,24643.086623,25308.055439400003,36861.0500048,10495.75396816,12025.88692308,44464.869155,19422.8036435,13891.3359734,22497.725919200002,20653.428395400002,18010.2010487,1413.872437406,38880.682316000006,12318.59082026,52184.0548624,12627.26138556,42504.830925199996,17912.88034692,22336.070068200002
Qawmeya Arabeya,49765.5361958,20682.7494262,22578.5909288,43886.5595232,28268.5670734,28374.863327599996,57393.475060000004,10290.08557236,27716.6668558,40142.6374322,13064.80447774,26277.406113999998,19440.48470098,36318.523554600004,23176.4476268,70213.5920546,5950.03390332,55237.7842088,26668.531782,16564.8659111
Qism El Hadayek,36901.66556,3766.20080928,4603.4475901999995,26154.3422112,29685.0142588,32590.444379,42725.319822000005,8861.6325345,34786.0094928,34977.434246599994,6477.10988654,12637.69382478,21850.6478626,18884.23393706,32459.590044999997,65589.3997118,19557.0536461,40514.49430119999,13303.21772674,3915.46577728
Qism El Marg,45919.194422,15091.24100832,14377.02397448,27672.351803600002,47957.26929719999,51179.550507199994,48353.2895432,23938.605660799996,53538.545805199996,50605.381884400005,21338.8745868,27043.600929400003,40550.6753928,6920.63490852,51155.2673728,79744.4343584,36766.4770946,46333.518044,27679.216312599998,18282.2242268
Rabaah Al Adaweya Mosque,26624.898543799998,12277.59079742,10649.639534200001,15720.56583818,28811.958995999998,32863.345878600005,31806.1094056,19468.4644781,36373.841145,29153.5086208,17403.90127238,6130.7194457,23630.8583822,17838.189918599997,35605.277498,58353.7914222,27322.518923000003,29598.881576599997,6629.58212134,14859.49183288
Ramses,37037.1144562,16053.04726838,17018.41443522,33142.259887199994,19029.61076056,21026.1569184,44863.7248688,10662.65134746,22606.434106,28373.3335112,11667.70393106,14370.13939416,10200.2733818,31118.056488200004,20018.894320800002,59065.1051174,9848.29616626,42735.477845999994,14624.71682966,13402.59289944
Rawda Mosque (Obour),72923.644838,54302.293502,53262.1557046,52752.2714884,85648.11015860001,89385.3860086,70339.062438,63176.607284000005,92255.1031108,84772.49472439999,60647.7359566,63135.912758599996,79163.6217766,39639.492027199994,90268.8018402,109795.1061058,76066.99683480001,69126.11068839999,63626.830571599996,57639.49851340001
Rehab Square,30292.5717496,42363.7202998,40237.9716094,18226.82484396,56613.757267999994,61354.077896200004,24221.846187400002,52062.1691376,65899.528875,48388.296762599995,49550.088480599996,37329.68940259999,54879.90149040001,31737.3728416,66683.23901719999,65645.527318,60895.099834399996,23763.917995400003,37284.7686328,46271.77575280001
Remaya Square,55353.5698414,47784.812656,48906.6647258,61112.8984726,23178.9294574,18502.77220552,64810.683262599996,39562.7638666,13533.33697346,36539.958824,41810.3096266,42682.5182322,24536.1289292,63024.906257200004,12499.52185634,56535.6255896,26925.9576648,63186.3813248,42519.3384602,44552.3821194
Remaya Square 28,54880.51246980001,46993.660207199995,48121.455462800004,60449.48247259999,22669.8102132,18026.29417284,64329.119172000006,38759.1553888,13038.20341118,36170.9695448,41008.3415666,41978.0101266,23830.4718286,62247.6420156,11793.85693782,56571.0171618,26123.059719,62689.8828108,41821.0548872,43754.389059
Roxy,33919.1689386,5757.3812055,3713.74813804,20384.029599200003,33094.655938200005,36594.62156680001,38572.474675,15363.40034134,39404.019706,35695.82275980001,12764.90000526,12071.15325586,26312.4312574,13273.7816753,37682.69993,65459.714411,26046.820688,36384.949949,12733.87572074,9464.59691078
Saad Zaghloul Metro,34322.7032476,21724.424328,22323.840159400002,34233.8374312,12496.0531396,14706.06940574,42879.866597800006,17182.55996872,16894.07595324,22849.212962999998,18154.19958604,15235.24096872,3878.94111778,35835.127809,15323.02877744,53155.5705294,12497.62796066,40861.4023216,15192.6758603,19594.89487914
Saft Al Laban,48653.552952599995,34172.6987206,35446.7631264,50357.0298616,18057.01031896,15254.94564238,57731.85400040001,25592.8596924,12040.66141748,32738.614291600003,27899.2433928,31308.821577999995,14121.4149324,49712.2496796,6777.93343044,59024.18274040001,12941.05296408,55842.638274000004,31300.169927,30759.0133504
Salam Alexandria,56081.45603840001,35016.262275199995,33893.7169672,35617.467134599996,66287.9569902,69976.541925,55106.5174048,44252.329483,72827.0117544,66101.0257278,41638.7539114,43897.683549400004,59735.3679944,20231.497824000002,70883.1270554,92530.801472,57057.9995724,53561.912995599996,44413.4052026,38501.7036996
Saqqara Badrasheen,45244.1697056,67453.3510694,67193.878915,63110.53283,35514.9786226,34962.0366536,52499.952253400006,65091.2071594,36652.186756,30486.1898948,65813.851166,53691.845338,44611.5650344,77223.92072060001,41887.7559734,18841.4199823,57403.3733852,52268.5426164,53069.772316,66564.2685774
Saqr Quraish,19833.33943062,31120.859702599995,30550.305459599997,28818.673917400003,12470.33803344,17159.31826062,29223.3614124,31430.735445599996,22108.6644326,7180.59016926,31261.857655,16615.10262666,16054.87675832,40139.2936822,24631.8346032,37949.9587982,29317.058703400005,27552.145105400003,15976.9471809,31068.240520599997
Shabab Station (Obour),80740.6234716,60198.2573416,59338.1195104,60470.903709000006,92284.9860254,95864.8951126,78325.87289039999,68523.24294340001,98517.1126172,92068.38135560001,66110.3174958,69988.34724039999,85454.0147638,46225.87441519999,96264.9387788,117572.29890980001,81429.6543088,77087.47175560001,70508.4984248,63285.9425666
Shaboory Canal,45945.053777,7138.80889792,8737.62743814,32322.0341618,38594.343716,40954.5741224,50911.8786954,10651.42538168,42429.7578524,44846.4179854,8505.58996424,22323.2569004,30099.265471599996,17675.36453934,39285.440491400004,75489.217442,23518.8857942,48721.1633216,23004.6955156,6824.00053882
Shabramant,41101.1828536,48164.1231504,48476.400888,52484.1457638,14852.01161206,12077.26080464,50433.944709400006,43453.7944314,12410.73119856,21143.344632,44745.8691114,37319.949624400004,22891.7578526,60879.1322544,17557.87186064,36968.8479276,33957.8633444,49213.2487464,36867.69437219999,46281.904643199996
Sharabeya,37338.4366352,10317.05987568,11414.81323506,30228.429420200002,24155.9844016,26555.4091604,44330.389716800004,6836.13302542,28344.5100648,31709.306374400003,6688.5287849,12980.24495124,15697.78336908,25666.361388799996,25753.857972799997,62584.148329400006,13233.52780316,42141.7937478,13467.98367052,7738.60627518
Sheikh Zayed General Hospital,83744.2724446,65984.49711319999,67738.434496,85756.5911456,51689.705445199994,47404.973013999996,93028.1651602,55737.99041340001,42470.166526,65901.847291,58497.712148399994,66655.1718136,49800.0858288,81769.4432154,39305.8473018,85554.5587744,43950.783010600004,91224.307481,66718.376808,61948.345126199994
Smart Village,81752.4668254,61131.96019019999,62977.2035316,82171.1488404,50258.67026,46318.14608580001,90857.5174454,50759.3703378,41572.188504800004,64829.043188999996,53533.992373400004,63155.73175040001,47174.1852992,76771.7286098,37728.577652199994,86639.8779126,39644.1137728,88964.14023160002,63283.7560436,57029.900589
Sphinx Airport,105466.779365,84075.1825868,86007.5128134,105941.44837180001,73657.3659062,69488.919618,114638.84065939998,73656.3650064,64596.296283200005,88021.46022000001,76418.0162552,86977.5831246,71023.69971239999,99418.84767160002,61170.9356332,107470.7444618,63224.353773,112769.85155620001,87120.8274288,79932.5264924
Tagneed (Hadabet Al Haram),58791.440727,51877.5812308,53017.869073,65107.026174800005,26800.1389194,22053.958113,68269.219117,43534.3006602,17182.08746544,39645.06222280001,45822.2134556,46761.8355518,28622.603418000002,67150.46685540001,16595.76768974,57851.29635140001,30807.638714599998,66696.6552224,46588.0889646,48607.7790694
Tibeen,50661.8533214,81731.5200832,81019.2444534,70906.49707699999,53223.891594,53891.2826964,54802.7718964,81471.09529960001,56504.394096,43495.326823,81664.16056599999,66747.7467104,62109.16740880001,88549.934232,61759.913254,13787.46274246,75769.7800908,55442.4863976,66067.82401,81711.2263636
Total (6th of October),111697.137589,103220.5258438,104716.9508674,118967.7531532,80464.014125,75686.4953536,121152.04706560001,93520.62019560001,70975.9605182,91875.5826292,96173.4110388,100390.300602,82276.09995060001,119023.15406239999,70277.11231319999,100408.59906960001,80838.4761598,119759.938953,100266.8020768,99435.4166618
Warraq Al Arab,47729.0412296,17985.90268978,19868.17962072,41283.0403764,27823.4070564,28387.527826200003,55171.44313099999,7624.08565996,28208.1710878,38984.033661,10393.95164118,23929.5207716,18798.74091798,33666.6852172,23966.1104032,69356.5022406,6638.04914086,53002.735851800004,24351.3242908,13880.54050568
Zahraa Ain Shams,42834.1764446,12331.46332964,11365.58437694,25085.225466,44771.7084596,48079.3862514,45593.181732599995,21813.251763599998,50560.6741818,47248.8683354,19116.6606419,23693.983908200003,37525.0566942,5552.0669685,48334.359887599996,76424.89845780001,34461.7804692,43538.199229800004,24327.4842752,15860.02031656
Zahraa Madinet Nasr,21819.907851599997,29116.4209928,27013.776158599998,3705.3317111999995,42844.814581599996,47514.427351599996,20513.94644,38229.3844632,51893.5453556,36453.7702002,35858.3109736,22802.311650599997,40492.5824486,22240.6513244,52388.616258199996,58715.80110240001,46454.716644,18840.07313052,22769.7339788,32765.7958672
Zahraa Metro,32796.3188656,31944.188369800002,32244.087115400005,38868.755644,1808.16187246,5139.06737304,42158.8082298,27934.502390400005,9548.88435002,15966.22427476,28926.287582,21779.6935468,7311.80109644,44866.77986,11683.3726544,44059.0760786,20766.823125,40439.7787994,21422.532401599998,30203.7587736
Zamalek Ferry,42929.520945599994,18774.801859799998,20243.848145,38791.0109058,21616.1754034,22378.198755,50851.482333,10078.45542492,22636.041568599998,32952.344002599995,12279.65235394,20277.7290212,12575.78142482,34547.7655942,18859.9027027,63183.491106400004,4072.5827286,48728.2619,20567.4323778,15179.42408932
Zayed 2000,83174.82875039999,67927.3895742,69587.02343039999,86477.4010008,50932.710262,46444.286894,92560.0205414,57867.2180814,41448.4083496,64734.4888326,60592.2640204,67406.2201992,49999.915319199994,83774.70633660001,38865.5137012,82737.7515934,45612.45688419999,90833.9771182,67414.66717100001,63977.2452118
Zayed 2000 Gate 3,85115.3351864,69808.8434966,71479.20991739999,88443.2628696,52868.477613,48367.1227198,94505.483099,59722.626486,43369.4211986,66630.41441360001,62453.198292199995,69370.1427034,51969.62424040001,85652.6694018,40823.179273199996,84345.013939,47514.2926974,92783.8352132,69380.0207622,65847.4669574
