,0,standard_buses
0,603.6704630759999,4.0
0,603.6704630759999,4.0
0,603.6704630759999,4.0
0,603.6704630759999,4.0
1,3745.09151178,4.0
1,3745.09151178,4.0
1,3745.09151178,4.0
1,3745.09151178,4.0
2,3009.9433774,26.0
2,3009.9433774,26.0
2,3009.9433774,26.0
2,3009.9433774,26.0
2,3009.9433774,26.0
2,3009.9433774,26.0
2,3009.9433774,26.0
2,3009.9433774,26.0
2,3009.9433774,26.0
2,3009.9433774,26.0
2,3009.9433774,26.0
2,3009.9433774,26.0
2,3009.9433774,26.0
2,3009.9433774,26.0
2,3009.9433774,26.0
2,3009.9433774,26.0
2,3009.9433774,26.0
2,3009.9433774,26.0
2,3009.9433774,26.0
2,3009.9433774,26.0
2,3009.9433774,26.0
2,3009.9433774,26.0
2,3009.9433774,26.0
2,3009.9433774,26.0
2,3009.9433774,26.0
2,3009.9433774,26.0
3,4915.86221154,26.0
3,4915.86221154,26.0
3,4915.86221154,26.0
3,4915.86221154,26.0
3,4915.86221154,26.0
3,4915.86221154,26.0
3,4915.86221154,26.0
3,4915.86221154,26.0
3,4915.86221154,26.0
3,4915.86221154,26.0
3,4915.86221154,26.0
3,4915.86221154,26.0
3,4915.86221154,26.0
3,4915.86221154,26.0
3,4915.86221154,26.0
3,4915.86221154,26.0
3,4915.86221154,26.0
3,4915.86221154,26.0
3,4915.86221154,26.0
3,4915.86221154,26.0
3,4915.86221154,26.0
3,4915.86221154,26.0
3,4915.86221154,26.0
3,4915.86221154,26.0
3,4915.86221154,26.0
3,4915.86221154,26.0
4,8675.76883244,11.0
4,8675.76883244,11.0
4,8675.76883244,11.0
4,8675.76883244,11.0
4,8675.76883244,11.0
4,8675.76883244,11.0
4,8675.76883244,11.0
4,8675.76883244,11.0
4,8675.76883244,11.0
4,8675.76883244,11.0
4,8675.76883244,11.0
5,7996.74225042,11.0
5,7996.74225042,11.0
5,7996.74225042,11.0
5,7996.74225042,11.0
5,7996.74225042,11.0
5,7996.74225042,11.0
5,7996.74225042,11.0
5,7996.74225042,11.0
5,7996.74225042,11.0
5,7996.74225042,11.0
5,7996.74225042,11.0
6,17665.05247636,8.0
6,17665.05247636,8.0
6,17665.05247636,8.0
6,17665.05247636,8.0
6,17665.05247636,8.0
6,17665.05247636,8.0
6,17665.05247636,8.0
6,17665.05247636,8.0
7,12905.97519264,8.0
7,12905.97519264,8.0
7,12905.97519264,8.0
7,12905.97519264,8.0
7,12905.97519264,8.0
7,12905.97519264,8.0
7,12905.97519264,8.0
7,12905.97519264,8.0
8,5796.87880466,5.0
8,5796.87880466,5.0
8,5796.87880466,5.0
8,5796.87880466,5.0
8,5796.87880466,5.0
9,24858.981228999994,5.0
9,24858.981228999994,5.0
9,24858.981228999994,5.0
9,24858.981228999994,5.0
9,24858.981228999994,5.0
10,11590.82361492,6.0
10,11590.82361492,6.0
10,11590.82361492,6.0
10,11590.82361492,6.0
10,11590.82361492,6.0
10,11590.82361492,6.0
11,320.29157882,6.0
11,320.29157882,6.0
11,320.29157882,6.0
11,320.29157882,6.0
11,320.29157882,6.0
11,320.29157882,6.0
12,10612.7760417,5.0
12,10612.7760417,5.0
12,10612.7760417,5.0
12,10612.7760417,5.0
12,10612.7760417,5.0
13,8969.27528212,5.0
13,8969.27528212,5.0
13,8969.27528212,5.0
13,8969.27528212,5.0
13,8969.27528212,5.0
14,5146.9366655600015,5.0
14,5146.9366655600015,5.0
14,5146.9366655600015,5.0
14,5146.9366655600015,5.0
14,5146.9366655600015,5.0
15,7180.59016926,5.0
15,7180.59016926,5.0
15,7180.59016926,5.0
15,7180.59016926,5.0
15,7180.59016926,5.0
16,12905.97519264,8.0
16,12905.97519264,8.0
16,12905.97519264,8.0
16,12905.97519264,8.0
16,12905.97519264,8.0
16,12905.97519264,8.0
16,12905.97519264,8.0
16,12905.97519264,8.0
17,9613.654532820003,8.0
17,9613.654532820003,8.0
17,9613.654532820003,8.0
17,9613.654532820003,8.0
17,9613.654532820003,8.0
17,9613.654532820003,8.0
17,9613.654532820003,8.0
17,9613.654532820003,8.0
18,12900.403312099997,4.0
18,12900.403312099997,4.0
18,12900.403312099997,4.0
18,12900.403312099997,4.0
19,12763.78679892,4.0
19,12763.78679892,4.0
19,12763.78679892,4.0
19,12763.78679892,4.0
20,7574.41322106,14.0
20,7574.41322106,14.0
20,7574.41322106,14.0
20,7574.41322106,14.0
20,7574.41322106,14.0
20,7574.41322106,14.0
20,7574.41322106,14.0
20,7574.41322106,14.0
20,7574.41322106,14.0
20,7574.41322106,14.0
20,7574.41322106,14.0
20,7574.41322106,14.0
20,7574.41322106,14.0
20,7574.41322106,14.0
21,7715.06145922,14.0
21,7715.06145922,14.0
21,7715.06145922,14.0
21,7715.06145922,14.0
21,7715.06145922,14.0
21,7715.06145922,14.0
21,7715.06145922,14.0
21,7715.06145922,14.0
21,7715.06145922,14.0
21,7715.06145922,14.0
21,7715.06145922,14.0
21,7715.06145922,14.0
21,7715.06145922,14.0
21,7715.06145922,14.0
22,3745.09151178,4.0
22,3745.09151178,4.0
22,3745.09151178,4.0
22,3745.09151178,4.0
23,3633.8876568000014,4.0
23,3633.8876568000014,4.0
23,3633.8876568000014,4.0
23,3633.8876568000014,4.0
24,79117.973125,74.0
24,79117.973125,74.0
24,79117.973125,74.0
24,79117.973125,74.0
24,79117.973125,74.0
24,79117.973125,74.0
24,79117.973125,74.0
24,79117.973125,74.0
24,79117.973125,74.0
24,79117.973125,74.0
24,79117.973125,74.0
24,79117.973125,74.0
24,79117.973125,74.0
24,79117.973125,74.0
24,79117.973125,74.0
24,79117.973125,74.0
24,79117.973125,74.0
24,79117.973125,74.0
24,79117.973125,74.0
24,79117.973125,74.0
24,79117.973125,74.0
24,79117.973125,74.0
24,79117.973125,74.0
24,79117.973125,74.0
24,79117.973125,74.0
24,79117.973125,74.0
24,79117.973125,74.0
24,79117.973125,74.0
24,79117.973125,74.0
24,79117.973125,74.0
24,79117.973125,74.0
24,79117.973125,74.0
24,79117.973125,74.0
24,79117.973125,74.0
24,79117.973125,74.0
24,79117.973125,74.0
24,79117.973125,74.0
24,79117.973125,74.0
24,79117.973125,74.0
24,79117.973125,74.0
24,79117.973125,74.0
24,79117.973125,74.0
24,79117.973125,74.0
24,79117.973125,74.0
24,79117.973125,74.0
24,79117.973125,74.0
24,79117.973125,74.0
24,79117.973125,74.0
24,79117.973125,74.0
24,79117.973125,74.0
24,79117.973125,74.0
24,79117.973125,74.0
24,79117.973125,74.0
24,79117.973125,74.0
24,79117.973125,74.0
24,79117.973125,74.0
24,79117.973125,74.0
24,79117.973125,74.0
24,79117.973125,74.0
24,79117.973125,74.0
24,79117.973125,74.0
24,79117.973125,74.0
24,79117.973125,74.0
24,79117.973125,74.0
24,79117.973125,74.0
24,79117.973125,74.0
24,79117.973125,74.0
24,79117.973125,74.0
24,79117.973125,74.0
24,79117.973125,74.0
24,79117.973125,74.0
24,79117.973125,74.0
24,79117.973125,74.0
24,79117.973125,74.0
25,10913.783596800002,74.0
25,10913.783596800002,74.0
25,10913.783596800002,74.0
25,10913.783596800002,74.0
25,10913.783596800002,74.0
25,10913.783596800002,74.0
25,10913.783596800002,74.0
25,10913.783596800002,74.0
25,10913.783596800002,74.0
25,10913.783596800002,74.0
25,10913.783596800002,74.0
25,10913.783596800002,74.0
25,10913.783596800002,74.0
25,10913.783596800002,74.0
25,10913.783596800002,74.0
25,10913.783596800002,74.0
25,10913.783596800002,74.0
25,10913.783596800002,74.0
25,10913.783596800002,74.0
25,10913.783596800002,74.0
25,10913.783596800002,74.0
25,10913.783596800002,74.0
25,10913.783596800002,74.0
25,10913.783596800002,74.0
25,10913.783596800002,74.0
25,10913.783596800002,74.0
25,10913.783596800002,74.0
25,10913.783596800002,74.0
25,10913.783596800002,74.0
25,10913.783596800002,74.0
25,10913.783596800002,74.0
25,10913.783596800002,74.0
25,10913.783596800002,74.0
25,10913.783596800002,74.0
25,10913.783596800002,74.0
25,10913.783596800002,74.0
25,10913.783596800002,74.0
25,10913.783596800002,74.0
25,10913.783596800002,74.0
25,10913.783596800002,74.0
25,10913.783596800002,74.0
25,10913.783596800002,74.0
25,10913.783596800002,74.0
25,10913.783596800002,74.0
25,10913.783596800002,74.0
25,10913.783596800002,74.0
25,10913.783596800002,74.0
25,10913.783596800002,74.0
25,10913.783596800002,74.0
25,10913.783596800002,74.0
25,10913.783596800002,74.0
25,10913.783596800002,74.0
25,10913.783596800002,74.0
25,10913.783596800002,74.0
25,10913.783596800002,74.0
25,10913.783596800002,74.0
25,10913.783596800002,74.0
25,10913.783596800002,74.0
25,10913.783596800002,74.0
25,10913.783596800002,74.0
25,10913.783596800002,74.0
25,10913.783596800002,74.0
25,10913.783596800002,74.0
25,10913.783596800002,74.0
25,10913.783596800002,74.0
25,10913.783596800002,74.0
25,10913.783596800002,74.0
25,10913.783596800002,74.0
25,10913.783596800002,74.0
25,10913.783596800002,74.0
25,10913.783596800002,74.0
25,10913.783596800002,74.0
25,10913.783596800002,74.0
25,10913.783596800002,74.0
26,6670.37681376,8.0
26,6670.37681376,8.0
26,6670.37681376,8.0
26,6670.37681376,8.0
26,6670.37681376,8.0
26,6670.37681376,8.0
26,6670.37681376,8.0
26,6670.37681376,8.0
27,15842.201919580002,8.0
27,15842.201919580002,8.0
27,15842.201919580002,8.0
27,15842.201919580002,8.0
27,15842.201919580002,8.0
27,15842.201919580002,8.0
27,15842.201919580002,8.0
27,15842.201919580002,8.0
28,11590.82361492,3.0
28,11590.82361492,3.0
28,11590.82361492,3.0
29,6670.37681376,3.0
29,6670.37681376,3.0
29,6670.37681376,3.0
30,17665.05247636,9.0
30,17665.05247636,9.0
30,17665.05247636,9.0
30,17665.05247636,9.0
30,17665.05247636,9.0
30,17665.05247636,9.0
30,17665.05247636,9.0
30,17665.05247636,9.0
30,17665.05247636,9.0
31,8969.27528212,9.0
31,8969.27528212,9.0
31,8969.27528212,9.0
31,8969.27528212,9.0
31,8969.27528212,9.0
31,8969.27528212,9.0
31,8969.27528212,9.0
31,8969.27528212,9.0
31,8969.27528212,9.0
32,8388.89678008,3.0
32,8388.89678008,3.0
32,8388.89678008,3.0
33,8384.237402600002,3.0
33,8384.237402600002,3.0
33,8384.237402600002,3.0
34,12763.78679892,2.0
34,12763.78679892,2.0
35,8020.1654454,2.0
35,8020.1654454,2.0
36,6111.90339696,7.0
36,6111.90339696,7.0
36,6111.90339696,7.0
36,6111.90339696,7.0
36,6111.90339696,7.0
36,6111.90339696,7.0
36,6111.90339696,7.0
37,17665.05247636,7.0
37,17665.05247636,7.0
37,17665.05247636,7.0
37,17665.05247636,7.0
37,17665.05247636,7.0
37,17665.05247636,7.0
37,17665.05247636,7.0
38,9613.654532820003,14.0
38,9613.654532820003,14.0
38,9613.654532820003,14.0
38,9613.654532820003,14.0
38,9613.654532820003,14.0
38,9613.654532820003,14.0
38,9613.654532820003,14.0
38,9613.654532820003,14.0
38,9613.654532820003,14.0
38,9613.654532820003,14.0
38,9613.654532820003,14.0
38,9613.654532820003,14.0
38,9613.654532820003,14.0
38,9613.654532820003,14.0
39,3745.09151178,14.0
39,3745.09151178,14.0
39,3745.09151178,14.0
39,3745.09151178,14.0
39,3745.09151178,14.0
39,3745.09151178,14.0
39,3745.09151178,14.0
39,3745.09151178,14.0
39,3745.09151178,14.0
39,3745.09151178,14.0
39,3745.09151178,14.0
39,3745.09151178,14.0
39,3745.09151178,14.0
39,3745.09151178,14.0
40,603.6704630759999,4.0
40,603.6704630759999,4.0
40,603.6704630759999,4.0
40,603.6704630759999,4.0
41,8039.42974144,4.0
41,8039.42974144,4.0
41,8039.42974144,4.0
41,8039.42974144,4.0
42,4044.6546754,5.0
42,4044.6546754,5.0
42,4044.6546754,5.0
42,4044.6546754,5.0
42,4044.6546754,5.0
43,12905.97519264,5.0
43,12905.97519264,5.0
43,12905.97519264,5.0
43,12905.97519264,5.0
43,12905.97519264,5.0
44,5146.9366655600015,3.0
44,5146.9366655600015,3.0
44,5146.9366655600015,3.0
45,4883.030625319999,3.0
45,4883.030625319999,3.0
45,4883.030625319999,3.0
46,79117.973125,62.0
46,79117.973125,62.0
46,79117.973125,62.0
46,79117.973125,62.0
46,79117.973125,62.0
46,79117.973125,62.0
46,79117.973125,62.0
46,79117.973125,62.0
46,79117.973125,62.0
46,79117.973125,62.0
46,79117.973125,62.0
46,79117.973125,62.0
46,79117.973125,62.0
46,79117.973125,62.0
46,79117.973125,62.0
46,79117.973125,62.0
46,79117.973125,62.0
46,79117.973125,62.0
46,79117.973125,62.0
46,79117.973125,62.0
46,79117.973125,62.0
46,79117.973125,62.0
46,79117.973125,62.0
46,79117.973125,62.0
46,79117.973125,62.0
46,79117.973125,62.0
46,79117.973125,62.0
46,79117.973125,62.0
46,79117.973125,62.0
46,79117.973125,62.0
46,79117.973125,62.0
46,79117.973125,62.0
46,79117.973125,62.0
46,79117.973125,62.0
46,79117.973125,62.0
46,79117.973125,62.0
46,79117.973125,62.0
46,79117.973125,62.0
46,79117.973125,62.0
46,79117.973125,62.0
46,79117.973125,62.0
46,79117.973125,62.0
46,79117.973125,62.0
46,79117.973125,62.0
46,79117.973125,62.0
46,79117.973125,62.0
46,79117.973125,62.0
46,79117.973125,62.0
46,79117.973125,62.0
46,79117.973125,62.0
46,79117.973125,62.0
46,79117.973125,62.0
46,79117.973125,62.0
46,79117.973125,62.0
46,79117.973125,62.0
46,79117.973125,62.0
46,79117.973125,62.0
46,79117.973125,62.0
46,79117.973125,62.0
46,79117.973125,62.0
46,79117.973125,62.0
46,79117.973125,62.0
47,603.6704630759999,6.0
47,603.6704630759999,6.0
47,603.6704630759999,6.0
47,603.6704630759999,6.0
47,603.6704630759999,6.0
47,603.6704630759999,6.0
48,12763.78679892,6.0
48,12763.78679892,6.0
48,12763.78679892,6.0
48,12763.78679892,6.0
48,12763.78679892,6.0
48,12763.78679892,6.0
49,12763.78679892,4.0
49,12763.78679892,4.0
49,12763.78679892,4.0
49,12763.78679892,4.0
50,11365.58437694,4.0
50,11365.58437694,4.0
50,11365.58437694,4.0
50,11365.58437694,4.0
51,8039.42974144,5.0
51,8039.42974144,5.0
51,8039.42974144,5.0
51,8039.42974144,5.0
51,8039.42974144,5.0
52,4021.08116862,5.0
52,4021.08116862,5.0
52,4021.08116862,5.0
52,4021.08116862,5.0
52,4021.08116862,5.0
53,11500.65255456,3.0
53,11500.65255456,3.0
53,11500.65255456,3.0
54,320.29157882,3.0
54,320.29157882,3.0
54,320.29157882,3.0
55,6111.90339696,3.0
55,6111.90339696,3.0
55,6111.90339696,3.0
56,5355.69701738,3.0
56,5355.69701738,3.0
56,5355.69701738,3.0
57,10960.82075906,6.0
57,10960.82075906,6.0
57,10960.82075906,6.0
57,10960.82075906,6.0
57,10960.82075906,6.0
57,10960.82075906,6.0
58,12763.78679892,6.0
58,12763.78679892,6.0
58,12763.78679892,6.0
58,12763.78679892,6.0
58,12763.78679892,6.0
58,12763.78679892,6.0
59,6670.37681376,8.0
59,6670.37681376,8.0
59,6670.37681376,8.0
59,6670.37681376,8.0
59,6670.37681376,8.0
59,6670.37681376,8.0
59,6670.37681376,8.0
59,6670.37681376,8.0
60,17665.05247636,8.0
60,17665.05247636,8.0
60,17665.05247636,8.0
60,17665.05247636,8.0
60,17665.05247636,8.0
60,17665.05247636,8.0
60,17665.05247636,8.0
60,17665.05247636,8.0
61,9402.54128166,13.0
61,9402.54128166,13.0
61,9402.54128166,13.0
61,9402.54128166,13.0
61,9402.54128166,13.0
61,9402.54128166,13.0
61,9402.54128166,13.0
61,9402.54128166,13.0
61,9402.54128166,13.0
61,9402.54128166,13.0
61,9402.54128166,13.0
61,9402.54128166,13.0
61,9402.54128166,13.0
62,11590.82361492,13.0
62,11590.82361492,13.0
62,11590.82361492,13.0
62,11590.82361492,13.0
62,11590.82361492,13.0
62,11590.82361492,13.0
62,11590.82361492,13.0
62,11590.82361492,13.0
62,11590.82361492,13.0
62,11590.82361492,13.0
62,11590.82361492,13.0
62,11590.82361492,13.0
62,11590.82361492,13.0
63,2113.58787972,5.0
63,2113.58787972,5.0
63,2113.58787972,5.0
63,2113.58787972,5.0
63,2113.58787972,5.0
64,8118.0258621,5.0
64,8118.0258621,5.0
64,8118.0258621,5.0
64,8118.0258621,5.0
64,8118.0258621,5.0
65,8039.42974144,26.0
65,8039.42974144,26.0
65,8039.42974144,26.0
65,8039.42974144,26.0
65,8039.42974144,26.0
65,8039.42974144,26.0
65,8039.42974144,26.0
65,8039.42974144,26.0
65,8039.42974144,26.0
65,8039.42974144,26.0
65,8039.42974144,26.0
65,8039.42974144,26.0
65,8039.42974144,26.0
65,8039.42974144,26.0
65,8039.42974144,26.0
65,8039.42974144,26.0
65,8039.42974144,26.0
65,8039.42974144,26.0
65,8039.42974144,26.0
65,8039.42974144,26.0
65,8039.42974144,26.0
65,8039.42974144,26.0
65,8039.42974144,26.0
65,8039.42974144,26.0
65,8039.42974144,26.0
65,8039.42974144,26.0
66,15842.201919580002,26.0
66,15842.201919580002,26.0
66,15842.201919580002,26.0
66,15842.201919580002,26.0
66,15842.201919580002,26.0
66,15842.201919580002,26.0
66,15842.201919580002,26.0
66,15842.201919580002,26.0
66,15842.201919580002,26.0
66,15842.201919580002,26.0
66,15842.201919580002,26.0
66,15842.201919580002,26.0
66,15842.201919580002,26.0
66,15842.201919580002,26.0
66,15842.201919580002,26.0
66,15842.201919580002,26.0
66,15842.201919580002,26.0
66,15842.201919580002,26.0
66,15842.201919580002,26.0
66,15842.201919580002,26.0
66,15842.201919580002,26.0
66,15842.201919580002,26.0
66,15842.201919580002,26.0
66,15842.201919580002,26.0
66,15842.201919580002,26.0
66,15842.201919580002,26.0
67,12660.657874740002,31.0
67,12660.657874740002,31.0
67,12660.657874740002,31.0
67,12660.657874740002,31.0
67,12660.657874740002,31.0
67,12660.657874740002,31.0
67,12660.657874740002,31.0
67,12660.657874740002,31.0
67,12660.657874740002,31.0
67,12660.657874740002,31.0
67,12660.657874740002,31.0
67,12660.657874740002,31.0
67,12660.657874740002,31.0
67,12660.657874740002,31.0
67,12660.657874740002,31.0
67,12660.657874740002,31.0
67,12660.657874740002,31.0
67,12660.657874740002,31.0
67,12660.657874740002,31.0
67,12660.657874740002,31.0
67,12660.657874740002,31.0
67,12660.657874740002,31.0
67,12660.657874740002,31.0
67,12660.657874740002,31.0
67,12660.657874740002,31.0
67,12660.657874740002,31.0
67,12660.657874740002,31.0
67,12660.657874740002,31.0
67,12660.657874740002,31.0
67,12660.657874740002,31.0
67,12660.657874740002,31.0
68,4021.08116862,3.0
68,4021.08116862,3.0
68,4021.08116862,3.0
69,4883.030625319999,3.0
69,4883.030625319999,3.0
69,4883.030625319999,3.0
70,2992.65762172,4.0
70,2992.65762172,4.0
70,2992.65762172,4.0
70,2992.65762172,4.0
71,8889.646096059998,4.0
71,8889.646096059998,4.0
71,8889.646096059998,4.0
71,8889.646096059998,4.0
72,6638.04914086,6.0
72,6638.04914086,6.0
72,6638.04914086,6.0
72,6638.04914086,6.0
72,6638.04914086,6.0
72,6638.04914086,6.0
73,8039.42974144,6.0
73,8039.42974144,6.0
73,8039.42974144,6.0
73,8039.42974144,6.0
73,8039.42974144,6.0
73,8039.42974144,6.0
74,8039.42974144,10.0
74,8039.42974144,10.0
74,8039.42974144,10.0
74,8039.42974144,10.0
74,8039.42974144,10.0
74,8039.42974144,10.0
74,8039.42974144,10.0
74,8039.42974144,10.0
74,8039.42974144,10.0
74,8039.42974144,10.0
75,11590.82361492,10.0
75,11590.82361492,10.0
75,11590.82361492,10.0
75,11590.82361492,10.0
75,11590.82361492,10.0
75,11590.82361492,10.0
75,11590.82361492,10.0
75,11590.82361492,10.0
75,11590.82361492,10.0
75,11590.82361492,10.0
76,11590.82361492,6.0
76,11590.82361492,6.0
76,11590.82361492,6.0
76,11590.82361492,6.0
76,11590.82361492,6.0
76,11590.82361492,6.0
77,7715.06145922,6.0
77,7715.06145922,6.0
77,7715.06145922,6.0
77,7715.06145922,6.0
77,7715.06145922,6.0
77,7715.06145922,6.0
78,9982.591333940003,27.0
78,9982.591333940003,27.0
78,9982.591333940003,27.0
78,9982.591333940003,27.0
78,9982.591333940003,27.0
78,9982.591333940003,27.0
78,9982.591333940003,27.0
78,9982.591333940003,27.0
78,9982.591333940003,27.0
78,9982.591333940003,27.0
78,9982.591333940003,27.0
78,9982.591333940003,27.0
78,9982.591333940003,27.0
78,9982.591333940003,27.0
78,9982.591333940003,27.0
78,9982.591333940003,27.0
78,9982.591333940003,27.0
78,9982.591333940003,27.0
78,9982.591333940003,27.0
78,9982.591333940003,27.0
78,9982.591333940003,27.0
78,9982.591333940003,27.0
78,9982.591333940003,27.0
78,9982.591333940003,27.0
78,9982.591333940003,27.0
78,9982.591333940003,27.0
78,9982.591333940003,27.0
79,11862.49736412,27.0
79,11862.49736412,27.0
79,11862.49736412,27.0
79,11862.49736412,27.0
79,11862.49736412,27.0
79,11862.49736412,27.0
79,11862.49736412,27.0
79,11862.49736412,27.0
79,11862.49736412,27.0
79,11862.49736412,27.0
79,11862.49736412,27.0
79,11862.49736412,27.0
79,11862.49736412,27.0
79,11862.49736412,27.0
79,11862.49736412,27.0
79,11862.49736412,27.0
79,11862.49736412,27.0
79,11862.49736412,27.0
79,11862.49736412,27.0
79,11862.49736412,27.0
79,11862.49736412,27.0
79,11862.49736412,27.0
79,11862.49736412,27.0
79,11862.49736412,27.0
79,11862.49736412,27.0
79,11862.49736412,27.0
79,11862.49736412,27.0
80,9982.591333940003,7.0
80,9982.591333940003,7.0
80,9982.591333940003,7.0
80,9982.591333940003,7.0
80,9982.591333940003,7.0
80,9982.591333940003,7.0
80,9982.591333940003,7.0
81,17182.08746544,4.0
81,17182.08746544,4.0
81,17182.08746544,4.0
81,17182.08746544,4.0
82,4883.030625319999,4.0
82,4883.030625319999,4.0
82,4883.030625319999,4.0
82,4883.030625319999,4.0
83,5829.87303738,33.0
83,5829.87303738,33.0
83,5829.87303738,33.0
83,5829.87303738,33.0
83,5829.87303738,33.0
83,5829.87303738,33.0
83,5829.87303738,33.0
83,5829.87303738,33.0
83,5829.87303738,33.0
83,5829.87303738,33.0
83,5829.87303738,33.0
83,5829.87303738,33.0
83,5829.87303738,33.0
83,5829.87303738,33.0
83,5829.87303738,33.0
83,5829.87303738,33.0
83,5829.87303738,33.0
83,5829.87303738,33.0
83,5829.87303738,33.0
83,5829.87303738,33.0
83,5829.87303738,33.0
83,5829.87303738,33.0
83,5829.87303738,33.0
83,5829.87303738,33.0
83,5829.87303738,33.0
83,5829.87303738,33.0
83,5829.87303738,33.0
83,5829.87303738,33.0
83,5829.87303738,33.0
83,5829.87303738,33.0
83,5829.87303738,33.0
83,5829.87303738,33.0
83,5829.87303738,33.0
84,16962.06543188,33.0
84,16962.06543188,33.0
84,16962.06543188,33.0
84,16962.06543188,33.0
84,16962.06543188,33.0
84,16962.06543188,33.0
84,16962.06543188,33.0
84,16962.06543188,33.0
84,16962.06543188,33.0
84,16962.06543188,33.0
84,16962.06543188,33.0
84,16962.06543188,33.0
84,16962.06543188,33.0
84,16962.06543188,33.0
84,16962.06543188,33.0
84,16962.06543188,33.0
84,16962.06543188,33.0
84,16962.06543188,33.0
84,16962.06543188,33.0
84,16962.06543188,33.0
84,16962.06543188,33.0
84,16962.06543188,33.0
84,16962.06543188,33.0
84,16962.06543188,33.0
84,16962.06543188,33.0
84,16962.06543188,33.0
84,16962.06543188,33.0
84,16962.06543188,33.0
84,16962.06543188,33.0
84,16962.06543188,33.0
84,16962.06543188,33.0
84,16962.06543188,33.0
84,16962.06543188,33.0
85,25119.627027800005,8.0
85,25119.627027800005,8.0
85,25119.627027800005,8.0
85,25119.627027800005,8.0
85,25119.627027800005,8.0
85,25119.627027800005,8.0
85,25119.627027800005,8.0
85,25119.627027800005,8.0
86,10354.71722522,8.0
86,10354.71722522,8.0
86,10354.71722522,8.0
86,10354.71722522,8.0
86,10354.71722522,8.0
86,10354.71722522,8.0
86,10354.71722522,8.0
86,10354.71722522,8.0
87,320.29157882,3.0
87,320.29157882,3.0
87,320.29157882,3.0
88,8552.40137616,3.0
88,8552.40137616,3.0
88,8552.40137616,3.0
89,8675.76883244,11.0
89,8675.76883244,11.0
89,8675.76883244,11.0
89,8675.76883244,11.0
89,8675.76883244,11.0
89,8675.76883244,11.0
89,8675.76883244,11.0
89,8675.76883244,11.0
89,8675.76883244,11.0
89,8675.76883244,11.0
89,8675.76883244,11.0
90,320.29157882,11.0
90,320.29157882,11.0
90,320.29157882,11.0
90,320.29157882,11.0
90,320.29157882,11.0
90,320.29157882,11.0
90,320.29157882,11.0
90,320.29157882,11.0
90,320.29157882,11.0
90,320.29157882,11.0
90,320.29157882,11.0
91,2113.58787972,3.0
91,2113.58787972,3.0
91,2113.58787972,3.0
92,9146.26501376,3.0
92,9146.26501376,3.0
92,9146.26501376,3.0
93,508.727653946,11.0
93,508.727653946,11.0
93,508.727653946,11.0
93,508.727653946,11.0
93,508.727653946,11.0
93,508.727653946,11.0
93,508.727653946,11.0
93,508.727653946,11.0
93,508.727653946,11.0
93,508.727653946,11.0
93,508.727653946,11.0
94,8552.40137616,11.0
94,8552.40137616,11.0
94,8552.40137616,11.0
94,8552.40137616,11.0
94,8552.40137616,11.0
94,8552.40137616,11.0
94,8552.40137616,11.0
94,8552.40137616,11.0
94,8552.40137616,11.0
94,8552.40137616,11.0
94,8552.40137616,11.0
95,5695.578270759999,8.0
95,5695.578270759999,8.0
95,5695.578270759999,8.0
95,5695.578270759999,8.0
95,5695.578270759999,8.0
95,5695.578270759999,8.0
95,5695.578270759999,8.0
95,5695.578270759999,8.0
96,8384.237402600002,8.0
96,8384.237402600002,8.0
96,8384.237402600002,8.0
96,8384.237402600002,8.0
96,8384.237402600002,8.0
96,8384.237402600002,8.0
96,8384.237402600002,8.0
96,8384.237402600002,8.0
97,8384.237402600002,4.0
97,8384.237402600002,4.0
97,8384.237402600002,4.0
97,8384.237402600002,4.0
98,11500.65255456,4.0
98,11500.65255456,4.0
98,11500.65255456,4.0
98,11500.65255456,4.0
99,320.29157882,5.0
99,320.29157882,5.0
99,320.29157882,5.0
99,320.29157882,5.0
99,320.29157882,5.0
100,17182.08746544,5.0
100,17182.08746544,5.0
100,17182.08746544,5.0
100,17182.08746544,5.0
100,17182.08746544,5.0
101,8384.237402600002,5.0
101,8384.237402600002,5.0
101,8384.237402600002,5.0
101,8384.237402600002,5.0
101,8384.237402600002,5.0
102,8118.0258621,5.0
102,8118.0258621,5.0
102,8118.0258621,5.0
102,8118.0258621,5.0
102,8118.0258621,5.0
103,7715.06145922,9.0
103,7715.06145922,9.0
103,7715.06145922,9.0
103,7715.06145922,9.0
103,7715.06145922,9.0
103,7715.06145922,9.0
103,7715.06145922,9.0
103,7715.06145922,9.0
103,7715.06145922,9.0
104,15842.201919580002,9.0
104,15842.201919580002,9.0
104,15842.201919580002,9.0
104,15842.201919580002,9.0
104,15842.201919580002,9.0
104,15842.201919580002,9.0
104,15842.201919580002,9.0
104,15842.201919580002,9.0
104,15842.201919580002,9.0
105,8969.27528212,5.0
105,8969.27528212,5.0
105,8969.27528212,5.0
105,8969.27528212,5.0
105,8969.27528212,5.0
106,8552.40137616,5.0
106,8552.40137616,5.0
106,8552.40137616,5.0
106,8552.40137616,5.0
106,8552.40137616,5.0
107,4557.30432682,6.0
107,4557.30432682,6.0
107,4557.30432682,6.0
107,4557.30432682,6.0
107,4557.30432682,6.0
107,4557.30432682,6.0
108,6670.37681376,6.0
108,6670.37681376,6.0
108,6670.37681376,6.0
108,6670.37681376,6.0
108,6670.37681376,6.0
108,6670.37681376,6.0
109,8388.89678008,8.0
109,8388.89678008,8.0
109,8388.89678008,8.0
109,8388.89678008,8.0
109,8388.89678008,8.0
109,8388.89678008,8.0
109,8388.89678008,8.0
109,8388.89678008,8.0
110,954.9476841940001,9.0
110,954.9476841940001,9.0
110,954.9476841940001,9.0
110,954.9476841940001,9.0
110,954.9476841940001,9.0
110,954.9476841940001,9.0
110,954.9476841940001,9.0
110,954.9476841940001,9.0
110,954.9476841940001,9.0
111,2986.48736202,9.0
111,2986.48736202,9.0
111,2986.48736202,9.0
111,2986.48736202,9.0
111,2986.48736202,9.0
111,2986.48736202,9.0
111,2986.48736202,9.0
111,2986.48736202,9.0
111,2986.48736202,9.0
112,6670.37681376,7.0
112,6670.37681376,7.0
112,6670.37681376,7.0
112,6670.37681376,7.0
112,6670.37681376,7.0
112,6670.37681376,7.0
112,6670.37681376,7.0
113,603.6704630759999,7.0
113,603.6704630759999,7.0
113,603.6704630759999,7.0
113,603.6704630759999,7.0
113,603.6704630759999,7.0
113,603.6704630759999,7.0
113,603.6704630759999,7.0
114,320.29157882,3.0
114,320.29157882,3.0
114,320.29157882,3.0
115,5355.69701738,3.0
115,5355.69701738,3.0
115,5355.69701738,3.0
116,8969.27528212,4.0
116,8969.27528212,4.0
116,8969.27528212,4.0
116,8969.27528212,4.0
117,6777.93343044,4.0
117,6777.93343044,4.0
117,6777.93343044,4.0
117,6777.93343044,4.0
118,8109.993481759999,5.0
118,8109.993481759999,5.0
118,8109.993481759999,5.0
118,8109.993481759999,5.0
118,8109.993481759999,5.0
119,8969.27528212,5.0
119,8969.27528212,5.0
119,8969.27528212,5.0
119,8969.27528212,5.0
119,8969.27528212,5.0
120,4021.08116862,10.0
120,4021.08116862,10.0
120,4021.08116862,10.0
120,4021.08116862,10.0
120,4021.08116862,10.0
120,4021.08116862,10.0
120,4021.08116862,10.0
120,4021.08116862,10.0
120,4021.08116862,10.0
120,4021.08116862,10.0
121,5146.9366655600015,10.0
121,5146.9366655600015,10.0
121,5146.9366655600015,10.0
121,5146.9366655600015,10.0
121,5146.9366655600015,10.0
121,5146.9366655600015,10.0
121,5146.9366655600015,10.0
121,5146.9366655600015,10.0
121,5146.9366655600015,10.0
121,5146.9366655600015,10.0
122,7180.59016926,3.0
122,7180.59016926,3.0
122,7180.59016926,3.0
123,6670.37681376,3.0
123,6670.37681376,3.0
123,6670.37681376,3.0
124,9402.54128166,4.0
124,9402.54128166,4.0
124,9402.54128166,4.0
124,9402.54128166,4.0
125,12763.78679892,4.0
125,12763.78679892,4.0
125,12763.78679892,4.0
125,12763.78679892,4.0
126,8109.993481759999,12.0
126,8109.993481759999,12.0
126,8109.993481759999,12.0
126,8109.993481759999,12.0
126,8109.993481759999,12.0
126,8109.993481759999,12.0
126,8109.993481759999,12.0
126,8109.993481759999,12.0
126,8109.993481759999,12.0
126,8109.993481759999,12.0
126,8109.993481759999,12.0
126,8109.993481759999,12.0
127,603.6704630759999,12.0
127,603.6704630759999,12.0
127,603.6704630759999,12.0
127,603.6704630759999,12.0
127,603.6704630759999,12.0
127,603.6704630759999,12.0
127,603.6704630759999,12.0
127,603.6704630759999,12.0
127,603.6704630759999,12.0
127,603.6704630759999,12.0
127,603.6704630759999,12.0
127,603.6704630759999,12.0
128,2113.58787972,6.0
128,2113.58787972,6.0
128,2113.58787972,6.0
128,2113.58787972,6.0
128,2113.58787972,6.0
128,2113.58787972,6.0
129,5695.578270759999,6.0
129,5695.578270759999,6.0
129,5695.578270759999,6.0
129,5695.578270759999,6.0
129,5695.578270759999,6.0
129,5695.578270759999,6.0
130,10913.783596800002,5.0
130,10913.783596800002,5.0
130,10913.783596800002,5.0
130,10913.783596800002,5.0
130,10913.783596800002,5.0
131,4021.08116862,5.0
131,4021.08116862,5.0
131,4021.08116862,5.0
131,4021.08116862,5.0
131,4021.08116862,5.0
132,8039.42974144,23.0
132,8039.42974144,23.0
132,8039.42974144,23.0
132,8039.42974144,23.0
132,8039.42974144,23.0
132,8039.42974144,23.0
132,8039.42974144,23.0
132,8039.42974144,23.0
132,8039.42974144,23.0
132,8039.42974144,23.0
132,8039.42974144,23.0
132,8039.42974144,23.0
132,8039.42974144,23.0
132,8039.42974144,23.0
132,8039.42974144,23.0
132,8039.42974144,23.0
132,8039.42974144,23.0
132,8039.42974144,23.0
132,8039.42974144,23.0
132,8039.42974144,23.0
132,8039.42974144,23.0
132,8039.42974144,23.0
132,8039.42974144,23.0
133,6638.04914086,23.0
133,6638.04914086,23.0
133,6638.04914086,23.0
133,6638.04914086,23.0
133,6638.04914086,23.0
133,6638.04914086,23.0
133,6638.04914086,23.0
133,6638.04914086,23.0
133,6638.04914086,23.0
133,6638.04914086,23.0
133,6638.04914086,23.0
133,6638.04914086,23.0
133,6638.04914086,23.0
133,6638.04914086,23.0
133,6638.04914086,23.0
133,6638.04914086,23.0
133,6638.04914086,23.0
133,6638.04914086,23.0
133,6638.04914086,23.0
133,6638.04914086,23.0
133,6638.04914086,23.0
133,6638.04914086,23.0
133,6638.04914086,23.0
134,8393.83444012,3.0
134,8393.83444012,3.0
134,8393.83444012,3.0
135,9402.54128166,3.0
135,9402.54128166,3.0
135,9402.54128166,3.0
136,8393.83444012,4.0
136,8393.83444012,4.0
136,8393.83444012,4.0
136,8393.83444012,4.0
137,3745.09151178,4.0
137,3745.09151178,4.0
137,3745.09151178,4.0
137,3745.09151178,4.0
138,25119.627027800005,11.0
138,25119.627027800005,11.0
138,25119.627027800005,11.0
138,25119.627027800005,11.0
138,25119.627027800005,11.0
138,25119.627027800005,11.0
138,25119.627027800005,11.0
138,25119.627027800005,11.0
138,25119.627027800005,11.0
138,25119.627027800005,11.0
138,25119.627027800005,11.0
139,3766.20080928,11.0
139,3766.20080928,11.0
139,3766.20080928,11.0
139,3766.20080928,11.0
139,3766.20080928,11.0
139,3766.20080928,11.0
139,3766.20080928,11.0
139,3766.20080928,11.0
139,3766.20080928,11.0
139,3766.20080928,11.0
139,3766.20080928,11.0
140,3745.09151178,5.0
140,3745.09151178,5.0
140,3745.09151178,5.0
140,3745.09151178,5.0
140,3745.09151178,5.0
141,11500.65255456,5.0
141,11500.65255456,5.0
141,11500.65255456,5.0
141,11500.65255456,5.0
141,11500.65255456,5.0
142,10631.3316313,15.0
142,10631.3316313,15.0
142,10631.3316313,15.0
142,10631.3316313,15.0
142,10631.3316313,15.0
142,10631.3316313,15.0
142,10631.3316313,15.0
142,10631.3316313,15.0
142,10631.3316313,15.0
142,10631.3316313,15.0
142,10631.3316313,15.0
142,10631.3316313,15.0
142,10631.3316313,15.0
142,10631.3316313,15.0
142,10631.3316313,15.0
143,6111.90339696,15.0
143,6111.90339696,15.0
143,6111.90339696,15.0
143,6111.90339696,15.0
143,6111.90339696,15.0
143,6111.90339696,15.0
143,6111.90339696,15.0
143,6111.90339696,15.0
143,6111.90339696,15.0
143,6111.90339696,15.0
143,6111.90339696,15.0
143,6111.90339696,15.0
143,6111.90339696,15.0
143,6111.90339696,15.0
143,6111.90339696,15.0
144,17182.08746544,5.0
144,17182.08746544,5.0
144,17182.08746544,5.0
144,17182.08746544,5.0
144,17182.08746544,5.0
145,6111.90339696,5.0
145,6111.90339696,5.0
145,6111.90339696,5.0
145,6111.90339696,5.0
145,6111.90339696,5.0
146,11666.09081316,3.0
146,11666.09081316,3.0
146,11666.09081316,3.0
147,9402.54128166,3.0
147,9402.54128166,3.0
147,9402.54128166,3.0
148,15108.90552596,6.0
148,15108.90552596,6.0
148,15108.90552596,6.0
148,15108.90552596,6.0
148,15108.90552596,6.0
148,15108.90552596,6.0
149,8039.42974144,6.0
149,8039.42974144,6.0
149,8039.42974144,6.0
149,8039.42974144,6.0
149,8039.42974144,6.0
149,8039.42974144,6.0
150,6111.90339696,4.0
150,6111.90339696,4.0
150,6111.90339696,4.0
150,6111.90339696,4.0
151,8039.42974144,4.0
151,8039.42974144,4.0
151,8039.42974144,4.0
151,8039.42974144,4.0
152,6670.37681376,7.0
152,6670.37681376,7.0
152,6670.37681376,7.0
152,6670.37681376,7.0
152,6670.37681376,7.0
152,6670.37681376,7.0
152,6670.37681376,7.0
153,22758.5273558,7.0
153,22758.5273558,7.0
153,22758.5273558,7.0
153,22758.5273558,7.0
153,22758.5273558,7.0
153,22758.5273558,7.0
153,22758.5273558,7.0
154,6156.18953058,5.0
154,6156.18953058,5.0
154,6156.18953058,5.0
154,6156.18953058,5.0
154,6156.18953058,5.0
155,6111.90339696,5.0
155,6111.90339696,5.0
155,6111.90339696,5.0
155,6111.90339696,5.0
155,6111.90339696,5.0
156,12763.78679892,2.0
156,12763.78679892,2.0
157,6111.90339696,2.0
157,6111.90339696,2.0
158,8969.27528212,8.0
158,8969.27528212,8.0
158,8969.27528212,8.0
158,8969.27528212,8.0
158,8969.27528212,8.0
158,8969.27528212,8.0
158,8969.27528212,8.0
158,8969.27528212,8.0
159,8384.237402600002,8.0
159,8384.237402600002,8.0
159,8384.237402600002,8.0
159,8384.237402600002,8.0
159,8384.237402600002,8.0
159,8384.237402600002,8.0
159,8384.237402600002,8.0
159,8384.237402600002,8.0
160,8393.83444012,11.0
160,8393.83444012,11.0
160,8393.83444012,11.0
160,8393.83444012,11.0
160,8393.83444012,11.0
160,8393.83444012,11.0
160,8393.83444012,11.0
160,8393.83444012,11.0
160,8393.83444012,11.0
160,8393.83444012,11.0
160,8393.83444012,11.0
161,4883.030625319999,11.0
161,4883.030625319999,11.0
161,4883.030625319999,11.0
161,4883.030625319999,11.0
161,4883.030625319999,11.0
161,4883.030625319999,11.0
161,4883.030625319999,11.0
161,4883.030625319999,11.0
161,4883.030625319999,11.0
161,4883.030625319999,11.0
161,4883.030625319999,11.0
162,6638.04914086,4.0
162,6638.04914086,4.0
162,6638.04914086,4.0
162,6638.04914086,4.0
163,12763.78679892,4.0
163,12763.78679892,4.0
163,12763.78679892,4.0
163,12763.78679892,4.0
164,8039.42974144,4.0
164,8039.42974144,4.0
164,8039.42974144,4.0
164,8039.42974144,4.0
165,5355.69701738,4.0
165,5355.69701738,4.0
165,5355.69701738,4.0
165,5355.69701738,4.0
166,11666.09081316,4.0
166,11666.09081316,4.0
166,11666.09081316,4.0
166,11666.09081316,4.0
167,8969.27528212,4.0
167,8969.27528212,4.0
167,8969.27528212,4.0
167,8969.27528212,4.0
168,9941.935528719998,12.0
168,9941.935528719998,12.0
168,9941.935528719998,12.0
168,9941.935528719998,12.0
168,9941.935528719998,12.0
168,9941.935528719998,12.0
168,9941.935528719998,12.0
168,9941.935528719998,12.0
168,9941.935528719998,12.0
168,9941.935528719998,12.0
168,9941.935528719998,12.0
168,9941.935528719998,12.0
169,5610.46090638,12.0
169,5610.46090638,12.0
169,5610.46090638,12.0
169,5610.46090638,12.0
169,5610.46090638,12.0
169,5610.46090638,12.0
169,5610.46090638,12.0
169,5610.46090638,12.0
169,5610.46090638,12.0
169,5610.46090638,12.0
169,5610.46090638,12.0
169,5610.46090638,12.0
170,5997.98774442,4.0
170,5997.98774442,4.0
170,5997.98774442,4.0
170,5997.98774442,4.0
171,8620.82258324,4.0
171,8620.82258324,4.0
171,8620.82258324,4.0
171,8620.82258324,4.0
172,9941.935528719998,4.0
172,9941.935528719998,4.0
172,9941.935528719998,4.0
172,9941.935528719998,4.0
173,7715.06145922,36.0
173,7715.06145922,36.0
173,7715.06145922,36.0
173,7715.06145922,36.0
173,7715.06145922,36.0
173,7715.06145922,36.0
173,7715.06145922,36.0
173,7715.06145922,36.0
173,7715.06145922,36.0
173,7715.06145922,36.0
173,7715.06145922,36.0
173,7715.06145922,36.0
173,7715.06145922,36.0
173,7715.06145922,36.0
173,7715.06145922,36.0
173,7715.06145922,36.0
173,7715.06145922,36.0
173,7715.06145922,36.0
173,7715.06145922,36.0
173,7715.06145922,36.0
173,7715.06145922,36.0
173,7715.06145922,36.0
173,7715.06145922,36.0
173,7715.06145922,36.0
173,7715.06145922,36.0
173,7715.06145922,36.0
173,7715.06145922,36.0
173,7715.06145922,36.0
173,7715.06145922,36.0
173,7715.06145922,36.0
173,7715.06145922,36.0
173,7715.06145922,36.0
173,7715.06145922,36.0
173,7715.06145922,36.0
173,7715.06145922,36.0
173,7715.06145922,36.0
174,954.9476841940001,36.0
174,954.9476841940001,36.0
174,954.9476841940001,36.0
174,954.9476841940001,36.0
174,954.9476841940001,36.0
174,954.9476841940001,36.0
174,954.9476841940001,36.0
174,954.9476841940001,36.0
174,954.9476841940001,36.0
174,954.9476841940001,36.0
174,954.9476841940001,36.0
174,954.9476841940001,36.0
174,954.9476841940001,36.0
174,954.9476841940001,36.0
174,954.9476841940001,36.0
174,954.9476841940001,36.0
174,954.9476841940001,36.0
174,954.9476841940001,36.0
174,954.9476841940001,36.0
174,954.9476841940001,36.0
174,954.9476841940001,36.0
174,954.9476841940001,36.0
174,954.9476841940001,36.0
174,954.9476841940001,36.0
174,954.9476841940001,36.0
174,954.9476841940001,36.0
174,954.9476841940001,36.0
174,954.9476841940001,36.0
174,954.9476841940001,36.0
174,954.9476841940001,36.0
174,954.9476841940001,36.0
174,954.9476841940001,36.0
174,954.9476841940001,36.0
174,954.9476841940001,36.0
174,954.9476841940001,36.0
174,954.9476841940001,36.0
175,12401.92328384,13.0
175,12401.92328384,13.0
175,12401.92328384,13.0
175,12401.92328384,13.0
175,12401.92328384,13.0
175,12401.92328384,13.0
175,12401.92328384,13.0
175,12401.92328384,13.0
175,12401.92328384,13.0
175,12401.92328384,13.0
175,12401.92328384,13.0
175,12401.92328384,13.0
175,12401.92328384,13.0
176,81715.8848534,13.0
176,81715.8848534,13.0
176,81715.8848534,13.0
176,81715.8848534,13.0
176,81715.8848534,13.0
176,81715.8848534,13.0
176,81715.8848534,13.0
176,81715.8848534,13.0
176,81715.8848534,13.0
176,81715.8848534,13.0
176,81715.8848534,13.0
176,81715.8848534,13.0
176,81715.8848534,13.0
177,8675.76883244,7.0
177,8675.76883244,7.0
177,8675.76883244,7.0
177,8675.76883244,7.0
177,8675.76883244,7.0
177,8675.76883244,7.0
177,8675.76883244,7.0
178,862.0590402539999,7.0
178,862.0590402539999,7.0
178,862.0590402539999,7.0
178,862.0590402539999,7.0
178,862.0590402539999,7.0
178,862.0590402539999,7.0
178,862.0590402539999,7.0
179,3416.4321157,5.0
179,3416.4321157,5.0
179,3416.4321157,5.0
179,3416.4321157,5.0
179,3416.4321157,5.0
180,8388.89678008,5.0
180,8388.89678008,5.0
180,8388.89678008,5.0
180,8388.89678008,5.0
180,8388.89678008,5.0
181,23926.515918200006,6.0
181,23926.515918200006,6.0
181,23926.515918200006,6.0
181,23926.515918200006,6.0
181,23926.515918200006,6.0
181,23926.515918200006,6.0
182,10354.71722522,6.0
182,10354.71722522,6.0
182,10354.71722522,6.0
182,10354.71722522,6.0
182,10354.71722522,6.0
182,10354.71722522,6.0
183,6670.37681376,8.0
183,6670.37681376,8.0
183,6670.37681376,8.0
183,6670.37681376,8.0
183,6670.37681376,8.0
183,6670.37681376,8.0
183,6670.37681376,8.0
183,6670.37681376,8.0
184,12401.92328384,8.0
184,12401.92328384,8.0
184,12401.92328384,8.0
184,12401.92328384,8.0
184,12401.92328384,8.0
184,12401.92328384,8.0
184,12401.92328384,8.0
184,12401.92328384,8.0
185,11862.49736412,16.0
185,11862.49736412,16.0
185,11862.49736412,16.0
185,11862.49736412,16.0
185,11862.49736412,16.0
185,11862.49736412,16.0
185,11862.49736412,16.0
185,11862.49736412,16.0
185,11862.49736412,16.0
185,11862.49736412,16.0
185,11862.49736412,16.0
185,11862.49736412,16.0
185,11862.49736412,16.0
185,11862.49736412,16.0
185,11862.49736412,16.0
185,11862.49736412,16.0
186,6940.21856798,16.0
186,6940.21856798,16.0
186,6940.21856798,16.0
186,6940.21856798,16.0
186,6940.21856798,16.0
186,6940.21856798,16.0
186,6940.21856798,16.0
186,6940.21856798,16.0
186,6940.21856798,16.0
186,6940.21856798,16.0
186,6940.21856798,16.0
186,6940.21856798,16.0
186,6940.21856798,16.0
186,6940.21856798,16.0
186,6940.21856798,16.0
186,6940.21856798,16.0
187,9746.40358292,13.0
187,9746.40358292,13.0
187,9746.40358292,13.0
187,9746.40358292,13.0
187,9746.40358292,13.0
187,9746.40358292,13.0
187,9746.40358292,13.0
187,9746.40358292,13.0
187,9746.40358292,13.0
187,9746.40358292,13.0
187,9746.40358292,13.0
187,9746.40358292,13.0
187,9746.40358292,13.0
188,8969.27528212,13.0
188,8969.27528212,13.0
188,8969.27528212,13.0
188,8969.27528212,13.0
188,8969.27528212,13.0
188,8969.27528212,13.0
188,8969.27528212,13.0
188,8969.27528212,13.0
188,8969.27528212,13.0
188,8969.27528212,13.0
188,8969.27528212,13.0
188,8969.27528212,13.0
188,8969.27528212,13.0
189,9746.40358292,5.0
189,9746.40358292,5.0
189,9746.40358292,5.0
189,9746.40358292,5.0
189,9746.40358292,5.0
190,11993.803471800002,5.0
190,11993.803471800002,5.0
190,11993.803471800002,5.0
190,11993.803471800002,5.0
190,11993.803471800002,5.0
191,6393.42498732,10.0
191,6393.42498732,10.0
191,6393.42498732,10.0
191,6393.42498732,10.0
191,6393.42498732,10.0
191,6393.42498732,10.0
191,6393.42498732,10.0
191,6393.42498732,10.0
191,6393.42498732,10.0
191,6393.42498732,10.0
192,8969.27528212,10.0
192,8969.27528212,10.0
192,8969.27528212,10.0
192,8969.27528212,10.0
192,8969.27528212,10.0
192,8969.27528212,10.0
192,8969.27528212,10.0
192,8969.27528212,10.0
192,8969.27528212,10.0
192,8969.27528212,10.0
193,8675.76883244,9.0
193,8675.76883244,9.0
193,8675.76883244,9.0
193,8675.76883244,9.0
193,8675.76883244,9.0
193,8675.76883244,9.0
193,8675.76883244,9.0
193,8675.76883244,9.0
193,8675.76883244,9.0
194,9941.935528719998,9.0
194,9941.935528719998,9.0
194,9941.935528719998,9.0
194,9941.935528719998,9.0
194,9941.935528719998,9.0
194,9941.935528719998,9.0
194,9941.935528719998,9.0
194,9941.935528719998,9.0
194,9941.935528719998,9.0
195,6670.37681376,3.0
195,6670.37681376,3.0
195,6670.37681376,3.0
196,8393.83444012,3.0
196,8393.83444012,3.0
196,8393.83444012,3.0
197,4234.49501806,3.0
197,4234.49501806,3.0
197,4234.49501806,3.0
198,8969.27528212,4.0
198,8969.27528212,4.0
198,8969.27528212,4.0
198,8969.27528212,4.0
199,8675.76883244,4.0
199,8675.76883244,4.0
199,8675.76883244,4.0
199,8675.76883244,4.0
200,9941.935528719998,3.0
200,9941.935528719998,3.0
200,9941.935528719998,3.0
201,4915.86221154,3.0
201,4915.86221154,3.0
201,4915.86221154,3.0
202,8552.40137616,6.0
202,8552.40137616,6.0
202,8552.40137616,6.0
202,8552.40137616,6.0
202,8552.40137616,6.0
202,8552.40137616,6.0
203,9941.935528719998,6.0
203,9941.935528719998,6.0
203,9941.935528719998,6.0
203,9941.935528719998,6.0
203,9941.935528719998,6.0
203,9941.935528719998,6.0
204,12763.78679892,3.0
204,12763.78679892,3.0
204,12763.78679892,3.0
205,12905.97519264,17.0
205,12905.97519264,17.0
205,12905.97519264,17.0
205,12905.97519264,17.0
205,12905.97519264,17.0
205,12905.97519264,17.0
205,12905.97519264,17.0
205,12905.97519264,17.0
205,12905.97519264,17.0
205,12905.97519264,17.0
205,12905.97519264,17.0
205,12905.97519264,17.0
205,12905.97519264,17.0
205,12905.97519264,17.0
205,12905.97519264,17.0
205,12905.97519264,17.0
205,12905.97519264,17.0
206,12905.97519264,5.0
206,12905.97519264,5.0
206,12905.97519264,5.0
206,12905.97519264,5.0
206,12905.97519264,5.0
207,6536.470739500001,5.0
207,6536.470739500001,5.0
207,6536.470739500001,5.0
207,6536.470739500001,5.0
207,6536.470739500001,5.0
208,8039.42974144,5.0
208,8039.42974144,5.0
208,8039.42974144,5.0
208,8039.42974144,5.0
208,8039.42974144,5.0
209,4915.86221154,5.0
209,4915.86221154,5.0
209,4915.86221154,5.0
209,4915.86221154,5.0
209,4915.86221154,5.0
210,15842.201919580002,5.0
210,15842.201919580002,5.0
210,15842.201919580002,5.0
210,15842.201919580002,5.0
210,15842.201919580002,5.0
211,6670.37681376,6.0
211,6670.37681376,6.0
211,6670.37681376,6.0
211,6670.37681376,6.0
211,6670.37681376,6.0
211,6670.37681376,6.0
212,5552.0669685,6.0
212,5552.0669685,6.0
212,5552.0669685,6.0
212,5552.0669685,6.0
212,5552.0669685,6.0
212,5552.0669685,6.0
213,5355.69701738,3.0
213,5355.69701738,3.0
213,5355.69701738,3.0
214,8388.89678008,5.0
214,8388.89678008,5.0
214,8388.89678008,5.0
214,8388.89678008,5.0
214,8388.89678008,5.0
215,13915.500990740002,5.0
215,13915.500990740002,5.0
215,13915.500990740002,5.0
215,13915.500990740002,5.0
215,13915.500990740002,5.0
216,10354.71722522,4.0
216,10354.71722522,4.0
216,10354.71722522,4.0
216,10354.71722522,4.0
217,8675.76883244,7.0
217,8675.76883244,7.0
217,8675.76883244,7.0
217,8675.76883244,7.0
217,8675.76883244,7.0
217,8675.76883244,7.0
217,8675.76883244,7.0
218,22758.5273558,7.0
218,22758.5273558,7.0
218,22758.5273558,7.0
218,22758.5273558,7.0
218,22758.5273558,7.0
218,22758.5273558,7.0
218,22758.5273558,7.0
219,12763.78679892,2.0
219,12763.78679892,2.0
220,11666.09081316,2.0
220,11666.09081316,2.0
221,8109.993481759999,6.0
221,8109.993481759999,6.0
221,8109.993481759999,6.0
221,8109.993481759999,6.0
221,8109.993481759999,6.0
221,8109.993481759999,6.0
222,8039.42974144,6.0
222,8039.42974144,6.0
222,8039.42974144,6.0
222,8039.42974144,6.0
222,8039.42974144,6.0
222,8039.42974144,6.0
223,603.6704630759999,4.0
223,603.6704630759999,4.0
223,603.6704630759999,4.0
223,603.6704630759999,4.0
224,4234.49501806,4.0
224,4234.49501806,4.0
224,4234.49501806,4.0
224,4234.49501806,4.0
225,4021.08116862,5.0
225,4021.08116862,5.0
225,4021.08116862,5.0
225,4021.08116862,5.0
225,4021.08116862,5.0
226,12905.97519264,5.0
226,12905.97519264,5.0
226,12905.97519264,5.0
226,12905.97519264,5.0
226,12905.97519264,5.0
227,12905.97519264,3.0
227,12905.97519264,3.0
227,12905.97519264,3.0
228,8552.40137616,11.0
228,8552.40137616,11.0
228,8552.40137616,11.0
228,8552.40137616,11.0
228,8552.40137616,11.0
228,8552.40137616,11.0
228,8552.40137616,11.0
228,8552.40137616,11.0
228,8552.40137616,11.0
228,8552.40137616,11.0
228,8552.40137616,11.0
229,7991.49192998,11.0
229,7991.49192998,11.0
229,7991.49192998,11.0
229,7991.49192998,11.0
229,7991.49192998,11.0
229,7991.49192998,11.0
229,7991.49192998,11.0
229,7991.49192998,11.0
229,7991.49192998,11.0
229,7991.49192998,11.0
229,7991.49192998,11.0
230,9941.935528719998,4.0
230,9941.935528719998,4.0
230,9941.935528719998,4.0
230,9941.935528719998,4.0
231,3633.8876568000014,4.0
231,3633.8876568000014,4.0
231,3633.8876568000014,4.0
231,3633.8876568000014,4.0
232,5355.69701738,4.0
232,5355.69701738,4.0
232,5355.69701738,4.0
232,5355.69701738,4.0
233,3633.8876568000014,4.0
233,3633.8876568000014,4.0
233,3633.8876568000014,4.0
233,3633.8876568000014,4.0
234,12763.78679892,4.0
234,12763.78679892,4.0
234,12763.78679892,4.0
234,12763.78679892,4.0
235,3633.8876568000014,4.0
235,3633.8876568000014,4.0
235,3633.8876568000014,4.0
235,3633.8876568000014,4.0
236,2273.1638895,4.0
236,2273.1638895,4.0
236,2273.1638895,4.0
236,2273.1638895,4.0
237,12763.78679892,4.0
237,12763.78679892,4.0
237,12763.78679892,4.0
237,12763.78679892,4.0
238,4021.08116862,4.0
238,4021.08116862,4.0
238,4021.08116862,4.0
238,4021.08116862,4.0
239,4883.030625319999,4.0
239,4883.030625319999,4.0
239,4883.030625319999,4.0
239,4883.030625319999,4.0
240,8039.42974144,3.0
240,8039.42974144,3.0
240,8039.42974144,3.0
241,4915.86221154,3.0
241,4915.86221154,3.0
241,4915.86221154,3.0
242,7180.59016926,35.0
242,7180.59016926,35.0
242,7180.59016926,35.0
242,7180.59016926,35.0
242,7180.59016926,35.0
242,7180.59016926,35.0
242,7180.59016926,35.0
242,7180.59016926,35.0
242,7180.59016926,35.0
242,7180.59016926,35.0
242,7180.59016926,35.0
242,7180.59016926,35.0
242,7180.59016926,35.0
242,7180.59016926,35.0
242,7180.59016926,35.0
242,7180.59016926,35.0
242,7180.59016926,35.0
242,7180.59016926,35.0
242,7180.59016926,35.0
242,7180.59016926,35.0
242,7180.59016926,35.0
242,7180.59016926,35.0
242,7180.59016926,35.0
242,7180.59016926,35.0
242,7180.59016926,35.0
242,7180.59016926,35.0
242,7180.59016926,35.0
242,7180.59016926,35.0
242,7180.59016926,35.0
242,7180.59016926,35.0
242,7180.59016926,35.0
242,7180.59016926,35.0
242,7180.59016926,35.0
242,7180.59016926,35.0
242,7180.59016926,35.0
243,9941.935528719998,35.0
243,9941.935528719998,35.0
243,9941.935528719998,35.0
243,9941.935528719998,35.0
243,9941.935528719998,35.0
243,9941.935528719998,35.0
243,9941.935528719998,35.0
243,9941.935528719998,35.0
243,9941.935528719998,35.0
243,9941.935528719998,35.0
243,9941.935528719998,35.0
243,9941.935528719998,35.0
243,9941.935528719998,35.0
243,9941.935528719998,35.0
243,9941.935528719998,35.0
243,9941.935528719998,35.0
243,9941.935528719998,35.0
243,9941.935528719998,35.0
243,9941.935528719998,35.0
243,9941.935528719998,35.0
243,9941.935528719998,35.0
243,9941.935528719998,35.0
243,9941.935528719998,35.0
243,9941.935528719998,35.0
243,9941.935528719998,35.0
243,9941.935528719998,35.0
243,9941.935528719998,35.0
243,9941.935528719998,35.0
243,9941.935528719998,35.0
243,9941.935528719998,35.0
243,9941.935528719998,35.0
243,9941.935528719998,35.0
243,9941.935528719998,35.0
243,9941.935528719998,35.0
243,9941.935528719998,35.0
244,15108.90552596,6.0
244,15108.90552596,6.0
244,15108.90552596,6.0
244,15108.90552596,6.0
244,15108.90552596,6.0
244,15108.90552596,6.0
245,6670.37681376,6.0
245,6670.37681376,6.0
245,6670.37681376,6.0
245,6670.37681376,6.0
245,6670.37681376,6.0
245,6670.37681376,6.0
246,8861.80777798,4.0
246,8861.80777798,4.0
246,8861.80777798,4.0
246,8861.80777798,4.0
247,2113.58787972,4.0
247,2113.58787972,4.0
247,2113.58787972,4.0
247,2113.58787972,4.0
248,3766.20080928,6.0
248,3766.20080928,6.0
248,3766.20080928,6.0
248,3766.20080928,6.0
248,3766.20080928,6.0
248,3766.20080928,6.0
249,603.6704630759999,6.0
249,603.6704630759999,6.0
249,603.6704630759999,6.0
249,603.6704630759999,6.0
249,603.6704630759999,6.0
249,603.6704630759999,6.0
250,8118.0258621,7.0
250,8118.0258621,7.0
250,8118.0258621,7.0
250,8118.0258621,7.0
250,8118.0258621,7.0
250,8118.0258621,7.0
250,8118.0258621,7.0
251,8388.89678008,7.0
251,8388.89678008,7.0
251,8388.89678008,7.0
251,8388.89678008,7.0
251,8388.89678008,7.0
251,8388.89678008,7.0
251,8388.89678008,7.0
252,8393.83444012,21.0
252,8393.83444012,21.0
252,8393.83444012,21.0
252,8393.83444012,21.0
252,8393.83444012,21.0
252,8393.83444012,21.0
252,8393.83444012,21.0
252,8393.83444012,21.0
252,8393.83444012,21.0
252,8393.83444012,21.0
252,8393.83444012,21.0
252,8393.83444012,21.0
252,8393.83444012,21.0
252,8393.83444012,21.0
252,8393.83444012,21.0
252,8393.83444012,21.0
252,8393.83444012,21.0
252,8393.83444012,21.0
252,8393.83444012,21.0
252,8393.83444012,21.0
252,8393.83444012,21.0
253,3230.88685012,21.0
253,3230.88685012,21.0
253,3230.88685012,21.0
253,3230.88685012,21.0
253,3230.88685012,21.0
253,3230.88685012,21.0
253,3230.88685012,21.0
253,3230.88685012,21.0
253,3230.88685012,21.0
253,3230.88685012,21.0
253,3230.88685012,21.0
253,3230.88685012,21.0
253,3230.88685012,21.0
253,3230.88685012,21.0
253,3230.88685012,21.0
253,3230.88685012,21.0
253,3230.88685012,21.0
253,3230.88685012,21.0
253,3230.88685012,21.0
253,3230.88685012,21.0
253,3230.88685012,21.0
254,2273.1638895,4.0
254,2273.1638895,4.0
254,2273.1638895,4.0
254,2273.1638895,4.0
255,3766.20080928,4.0
255,3766.20080928,4.0
255,3766.20080928,4.0
255,3766.20080928,4.0
256,3766.20080928,19.0
256,3766.20080928,19.0
256,3766.20080928,19.0
256,3766.20080928,19.0
256,3766.20080928,19.0
256,3766.20080928,19.0
256,3766.20080928,19.0
256,3766.20080928,19.0
256,3766.20080928,19.0
256,3766.20080928,19.0
256,3766.20080928,19.0
256,3766.20080928,19.0
256,3766.20080928,19.0
256,3766.20080928,19.0
256,3766.20080928,19.0
256,3766.20080928,19.0
256,3766.20080928,19.0
256,3766.20080928,19.0
256,3766.20080928,19.0
257,2273.1638895,19.0
257,2273.1638895,19.0
257,2273.1638895,19.0
257,2273.1638895,19.0
257,2273.1638895,19.0
257,2273.1638895,19.0
257,2273.1638895,19.0
257,2273.1638895,19.0
257,2273.1638895,19.0
257,2273.1638895,19.0
257,2273.1638895,19.0
257,2273.1638895,19.0
257,2273.1638895,19.0
257,2273.1638895,19.0
257,2273.1638895,19.0
257,2273.1638895,19.0
257,2273.1638895,19.0
257,2273.1638895,19.0
257,2273.1638895,19.0
258,954.9476841940001,4.0
258,954.9476841940001,4.0
258,954.9476841940001,4.0
258,954.9476841940001,4.0
259,11500.65255456,4.0
259,11500.65255456,4.0
259,11500.65255456,4.0
259,11500.65255456,4.0
260,9402.54128166,4.0
260,9402.54128166,4.0
260,9402.54128166,4.0
260,9402.54128166,4.0
261,5355.69701738,4.0
261,5355.69701738,4.0
261,5355.69701738,4.0
261,5355.69701738,4.0
262,4044.6546754,8.0
262,4044.6546754,8.0
262,4044.6546754,8.0
262,4044.6546754,8.0
262,4044.6546754,8.0
262,4044.6546754,8.0
262,4044.6546754,8.0
262,4044.6546754,8.0
263,7727.831393919999,3.0
263,7727.831393919999,3.0
263,7727.831393919999,3.0
264,6670.37681376,3.0
264,6670.37681376,3.0
264,6670.37681376,3.0
265,2113.58787972,3.0
265,2113.58787972,3.0
265,2113.58787972,3.0
266,7180.59016926,3.0
266,7180.59016926,3.0
266,7180.59016926,3.0
267,3009.9433774,1.0
268,6670.37681376,1.0
269,9402.54128166,4.0
269,9402.54128166,4.0
269,9402.54128166,4.0
269,9402.54128166,4.0
270,2986.48736202,11.0
270,2986.48736202,11.0
270,2986.48736202,11.0
270,2986.48736202,11.0
270,2986.48736202,11.0
270,2986.48736202,11.0
270,2986.48736202,11.0
270,2986.48736202,11.0
270,2986.48736202,11.0
270,2986.48736202,11.0
270,2986.48736202,11.0
271,3416.4321157,11.0
271,3416.4321157,11.0
271,3416.4321157,11.0
271,3416.4321157,11.0
271,3416.4321157,11.0
271,3416.4321157,11.0
271,3416.4321157,11.0
271,3416.4321157,11.0
271,3416.4321157,11.0
271,3416.4321157,11.0
271,3416.4321157,11.0
272,8020.1654454,6.0
272,8020.1654454,6.0
272,8020.1654454,6.0
272,8020.1654454,6.0
272,8020.1654454,6.0
272,8020.1654454,6.0
273,320.29157882,6.0
273,320.29157882,6.0
273,320.29157882,6.0
273,320.29157882,6.0
273,320.29157882,6.0
273,320.29157882,6.0
274,9146.26501376,2.0
274,9146.26501376,2.0
275,3766.20080928,2.0
275,3766.20080928,2.0
276,3633.8876568000014,4.0
276,3633.8876568000014,4.0
276,3633.8876568000014,4.0
276,3633.8876568000014,4.0
277,603.6704630759999,4.0
277,603.6704630759999,4.0
277,603.6704630759999,4.0
277,603.6704630759999,4.0
278,6638.04914086,4.0
278,6638.04914086,4.0
278,6638.04914086,4.0
278,6638.04914086,4.0
279,11500.65255456,4.0
279,11500.65255456,4.0
279,11500.65255456,4.0
279,11500.65255456,4.0
280,603.6704630759999,3.0
280,603.6704630759999,3.0
280,603.6704630759999,3.0
281,9941.935528719998,3.0
281,9941.935528719998,3.0
281,9941.935528719998,3.0
282,9941.935528719998,3.0
282,9941.935528719998,3.0
282,9941.935528719998,3.0
283,8230.64850182,3.0
283,8230.64850182,3.0
283,8230.64850182,3.0
284,8039.42974144,39.0
284,8039.42974144,39.0
284,8039.42974144,39.0
284,8039.42974144,39.0
284,8039.42974144,39.0
284,8039.42974144,39.0
284,8039.42974144,39.0
284,8039.42974144,39.0
284,8039.42974144,39.0
284,8039.42974144,39.0
284,8039.42974144,39.0
284,8039.42974144,39.0
284,8039.42974144,39.0
284,8039.42974144,39.0
284,8039.42974144,39.0
284,8039.42974144,39.0
284,8039.42974144,39.0
284,8039.42974144,39.0
284,8039.42974144,39.0
284,8039.42974144,39.0
284,8039.42974144,39.0
284,8039.42974144,39.0
284,8039.42974144,39.0
284,8039.42974144,39.0
284,8039.42974144,39.0
284,8039.42974144,39.0
284,8039.42974144,39.0
284,8039.42974144,39.0
284,8039.42974144,39.0
284,8039.42974144,39.0
284,8039.42974144,39.0
284,8039.42974144,39.0
284,8039.42974144,39.0
284,8039.42974144,39.0
284,8039.42974144,39.0
284,8039.42974144,39.0
284,8039.42974144,39.0
284,8039.42974144,39.0
284,8039.42974144,39.0
285,8969.27528212,4.0
285,8969.27528212,4.0
285,8969.27528212,4.0
285,8969.27528212,4.0
286,17182.08746544,4.0
286,17182.08746544,4.0
286,17182.08746544,4.0
286,17182.08746544,4.0
287,3766.20080928,4.0
287,3766.20080928,4.0
287,3766.20080928,4.0
287,3766.20080928,4.0
288,9402.54128166,4.0
288,9402.54128166,4.0
288,9402.54128166,4.0
288,9402.54128166,4.0
289,4915.86221154,5.0
289,4915.86221154,5.0
289,4915.86221154,5.0
289,4915.86221154,5.0
289,4915.86221154,5.0
290,3745.09151178,5.0
290,3745.09151178,5.0
290,3745.09151178,5.0
290,3745.09151178,5.0
290,3745.09151178,5.0
291,4883.030625319999,3.0
291,4883.030625319999,3.0
291,4883.030625319999,3.0
292,8039.42974144,3.0
292,8039.42974144,3.0
292,8039.42974144,3.0
293,5796.87880466,3.0
293,5796.87880466,3.0
293,5796.87880466,3.0
294,6111.90339696,6.0
294,6111.90339696,6.0
294,6111.90339696,6.0
294,6111.90339696,6.0
294,6111.90339696,6.0
294,6111.90339696,6.0
295,8393.83444012,6.0
295,8393.83444012,6.0
295,8393.83444012,6.0
295,8393.83444012,6.0
295,8393.83444012,6.0
295,8393.83444012,6.0
296,603.6704630759999,8.0
296,603.6704630759999,8.0
296,603.6704630759999,8.0
296,603.6704630759999,8.0
296,603.6704630759999,8.0
296,603.6704630759999,8.0
296,603.6704630759999,8.0
296,603.6704630759999,8.0
297,954.9476841940001,8.0
297,954.9476841940001,8.0
297,954.9476841940001,8.0
297,954.9476841940001,8.0
297,954.9476841940001,8.0
297,954.9476841940001,8.0
297,954.9476841940001,8.0
297,954.9476841940001,8.0
298,22758.5273558,23.0
298,22758.5273558,23.0
298,22758.5273558,23.0
298,22758.5273558,23.0
298,22758.5273558,23.0
298,22758.5273558,23.0
298,22758.5273558,23.0
298,22758.5273558,23.0
298,22758.5273558,23.0
298,22758.5273558,23.0
298,22758.5273558,23.0
298,22758.5273558,23.0
298,22758.5273558,23.0
298,22758.5273558,23.0
298,22758.5273558,23.0
298,22758.5273558,23.0
298,22758.5273558,23.0
298,22758.5273558,23.0
298,22758.5273558,23.0
298,22758.5273558,23.0
298,22758.5273558,23.0
298,22758.5273558,23.0
298,22758.5273558,23.0
299,12905.97519264,23.0
299,12905.97519264,23.0
299,12905.97519264,23.0
299,12905.97519264,23.0
299,12905.97519264,23.0
299,12905.97519264,23.0
299,12905.97519264,23.0
299,12905.97519264,23.0
299,12905.97519264,23.0
299,12905.97519264,23.0
299,12905.97519264,23.0
299,12905.97519264,23.0
299,12905.97519264,23.0
299,12905.97519264,23.0
299,12905.97519264,23.0
299,12905.97519264,23.0
299,12905.97519264,23.0
299,12905.97519264,23.0
299,12905.97519264,23.0
299,12905.97519264,23.0
299,12905.97519264,23.0
299,12905.97519264,23.0
299,12905.97519264,23.0
300,3745.09151178,6.0
300,3745.09151178,6.0
300,3745.09151178,6.0
300,3745.09151178,6.0
300,3745.09151178,6.0
300,3745.09151178,6.0
301,9746.40358292,6.0
301,9746.40358292,6.0
301,9746.40358292,6.0
301,9746.40358292,6.0
301,9746.40358292,6.0
301,9746.40358292,6.0
302,9402.54128166,4.0
302,9402.54128166,4.0
302,9402.54128166,4.0
302,9402.54128166,4.0
303,5146.9366655600015,4.0
303,5146.9366655600015,4.0
303,5146.9366655600015,4.0
303,5146.9366655600015,4.0
304,8039.42974144,2.0
304,8039.42974144,2.0
305,7180.59016926,2.0
305,7180.59016926,2.0
306,8675.76883244,17.0
306,8675.76883244,17.0
306,8675.76883244,17.0
306,8675.76883244,17.0
306,8675.76883244,17.0
306,8675.76883244,17.0
306,8675.76883244,17.0
306,8675.76883244,17.0
306,8675.76883244,17.0
306,8675.76883244,17.0
306,8675.76883244,17.0
306,8675.76883244,17.0
306,8675.76883244,17.0
306,8675.76883244,17.0
306,8675.76883244,17.0
306,8675.76883244,17.0
306,8675.76883244,17.0
307,5796.87880466,17.0
307,5796.87880466,17.0
307,5796.87880466,17.0
307,5796.87880466,17.0
307,5796.87880466,17.0
307,5796.87880466,17.0
307,5796.87880466,17.0
307,5796.87880466,17.0
307,5796.87880466,17.0
307,5796.87880466,17.0
307,5796.87880466,17.0
307,5796.87880466,17.0
307,5796.87880466,17.0
307,5796.87880466,17.0
307,5796.87880466,17.0
307,5796.87880466,17.0
307,5796.87880466,17.0
308,9402.54128166,6.0
308,9402.54128166,6.0
308,9402.54128166,6.0
308,9402.54128166,6.0
308,9402.54128166,6.0
308,9402.54128166,6.0
309,11586.489157340002,6.0
309,11586.489157340002,6.0
309,11586.489157340002,6.0
309,11586.489157340002,6.0
309,11586.489157340002,6.0
309,11586.489157340002,6.0
310,6940.21856798,5.0
310,6940.21856798,5.0
310,6940.21856798,5.0
310,6940.21856798,5.0
310,6940.21856798,5.0
311,5146.9366655600015,5.0
311,5146.9366655600015,5.0
311,5146.9366655600015,5.0
311,5146.9366655600015,5.0
311,5146.9366655600015,5.0
312,6670.37681376,6.0
312,6670.37681376,6.0
312,6670.37681376,6.0
312,6670.37681376,6.0
312,6670.37681376,6.0
312,6670.37681376,6.0
313,20231.497824,6.0
313,20231.497824,6.0
313,20231.497824,6.0
313,20231.497824,6.0
313,20231.497824,6.0
313,20231.497824,6.0
314,3009.9433774,18.0
314,3009.9433774,18.0
314,3009.9433774,18.0
314,3009.9433774,18.0
314,3009.9433774,18.0
314,3009.9433774,18.0
314,3009.9433774,18.0
314,3009.9433774,18.0
314,3009.9433774,18.0
314,3009.9433774,18.0
314,3009.9433774,18.0
314,3009.9433774,18.0
314,3009.9433774,18.0
314,3009.9433774,18.0
314,3009.9433774,18.0
314,3009.9433774,18.0
314,3009.9433774,18.0
314,3009.9433774,18.0
315,5355.69701738,18.0
315,5355.69701738,18.0
315,5355.69701738,18.0
315,5355.69701738,18.0
315,5355.69701738,18.0
315,5355.69701738,18.0
315,5355.69701738,18.0
315,5355.69701738,18.0
315,5355.69701738,18.0
315,5355.69701738,18.0
315,5355.69701738,18.0
315,5355.69701738,18.0
315,5355.69701738,18.0
315,5355.69701738,18.0
315,5355.69701738,18.0
315,5355.69701738,18.0
315,5355.69701738,18.0
315,5355.69701738,18.0
316,12763.78679892,6.0
316,12763.78679892,6.0
316,12763.78679892,6.0
316,12763.78679892,6.0
316,12763.78679892,6.0
316,12763.78679892,6.0
317,9402.54128166,4.0
317,9402.54128166,4.0
317,9402.54128166,4.0
317,9402.54128166,4.0
318,508.727653946,4.0
318,508.727653946,4.0
318,508.727653946,4.0
318,508.727653946,4.0
319,5763.3994587,8.0
319,5763.3994587,8.0
319,5763.3994587,8.0
319,5763.3994587,8.0
319,5763.3994587,8.0
319,5763.3994587,8.0
319,5763.3994587,8.0
319,5763.3994587,8.0
320,6111.90339696,8.0
320,6111.90339696,8.0
320,6111.90339696,8.0
320,6111.90339696,8.0
320,6111.90339696,8.0
320,6111.90339696,8.0
320,6111.90339696,8.0
320,6111.90339696,8.0
321,8675.76883244,5.0
321,8675.76883244,5.0
321,8675.76883244,5.0
321,8675.76883244,5.0
321,8675.76883244,5.0
322,6111.90339696,5.0
322,6111.90339696,5.0
322,6111.90339696,5.0
322,6111.90339696,5.0
322,6111.90339696,5.0
323,9746.40358292,10.0
323,9746.40358292,10.0
323,9746.40358292,10.0
323,9746.40358292,10.0
323,9746.40358292,10.0
323,9746.40358292,10.0
323,9746.40358292,10.0
323,9746.40358292,10.0
323,9746.40358292,10.0
323,9746.40358292,10.0
324,6111.90339696,10.0
324,6111.90339696,10.0
324,6111.90339696,10.0
324,6111.90339696,10.0
324,6111.90339696,10.0
324,6111.90339696,10.0
324,6111.90339696,10.0
324,6111.90339696,10.0
324,6111.90339696,10.0
324,6111.90339696,10.0
325,7180.59016926,5.0
325,7180.59016926,5.0
325,7180.59016926,5.0
325,7180.59016926,5.0
325,7180.59016926,5.0
326,4021.08116862,5.0
326,4021.08116862,5.0
326,4021.08116862,5.0
326,4021.08116862,5.0
326,4021.08116862,5.0
327,16210.96760676,4.0
327,16210.96760676,4.0
327,16210.96760676,4.0
327,16210.96760676,4.0
328,9941.935528719998,4.0
328,9941.935528719998,4.0
328,9941.935528719998,4.0
328,9941.935528719998,4.0
329,12660.657874740002,8.0
329,12660.657874740002,8.0
329,12660.657874740002,8.0
329,12660.657874740002,8.0
329,12660.657874740002,8.0
329,12660.657874740002,8.0
329,12660.657874740002,8.0
329,12660.657874740002,8.0
330,8743.70412572,8.0
330,8743.70412572,8.0
330,8743.70412572,8.0
330,8743.70412572,8.0
330,8743.70412572,8.0
330,8743.70412572,8.0
330,8743.70412572,8.0
330,8743.70412572,8.0
331,5763.3994587,5.0
331,5763.3994587,5.0
331,5763.3994587,5.0
331,5763.3994587,5.0
331,5763.3994587,5.0
332,3009.9433774,5.0
332,3009.9433774,5.0
332,3009.9433774,5.0
332,3009.9433774,5.0
332,3009.9433774,5.0
333,12905.97519264,2.0
333,12905.97519264,2.0
334,603.6704630759999,17.0
334,603.6704630759999,17.0
334,603.6704630759999,17.0
334,603.6704630759999,17.0
334,603.6704630759999,17.0
334,603.6704630759999,17.0
334,603.6704630759999,17.0
334,603.6704630759999,17.0
334,603.6704630759999,17.0
334,603.6704630759999,17.0
334,603.6704630759999,17.0
334,603.6704630759999,17.0
334,603.6704630759999,17.0
334,603.6704630759999,17.0
334,603.6704630759999,17.0
334,603.6704630759999,17.0
334,603.6704630759999,17.0
335,8039.42974144,17.0
335,8039.42974144,17.0
335,8039.42974144,17.0
335,8039.42974144,17.0
335,8039.42974144,17.0
335,8039.42974144,17.0
335,8039.42974144,17.0
335,8039.42974144,17.0
335,8039.42974144,17.0
335,8039.42974144,17.0
335,8039.42974144,17.0
335,8039.42974144,17.0
335,8039.42974144,17.0
335,8039.42974144,17.0
335,8039.42974144,17.0
335,8039.42974144,17.0
335,8039.42974144,17.0
336,10354.71722522,5.0
336,10354.71722522,5.0
336,10354.71722522,5.0
336,10354.71722522,5.0
336,10354.71722522,5.0
337,9941.935528719998,5.0
337,9941.935528719998,5.0
337,9941.935528719998,5.0
337,9941.935528719998,5.0
337,9941.935528719998,5.0
338,10827.842945900002,14.0
338,10827.842945900002,14.0
338,10827.842945900002,14.0
338,10827.842945900002,14.0
338,10827.842945900002,14.0
338,10827.842945900002,14.0
338,10827.842945900002,14.0
338,10827.842945900002,14.0
338,10827.842945900002,14.0
338,10827.842945900002,14.0
338,10827.842945900002,14.0
338,10827.842945900002,14.0
338,10827.842945900002,14.0
338,10827.842945900002,14.0
339,3745.09151178,14.0
339,3745.09151178,14.0
339,3745.09151178,14.0
339,3745.09151178,14.0
339,3745.09151178,14.0
339,3745.09151178,14.0
339,3745.09151178,14.0
339,3745.09151178,14.0
339,3745.09151178,14.0
339,3745.09151178,14.0
339,3745.09151178,14.0
339,3745.09151178,14.0
339,3745.09151178,14.0
339,3745.09151178,14.0
